,Date,POE City,POE State,Encounters
0,2019-01-01,NEW YORK,NY,405273.0
1,2019-01-01,MIAMI,FL,432014.0
2,2019-01-01,LOS ANGELES,CA,361859.0
3,2019-01-01,SAN FRANCISCO,CA,178474.0
4,2019-01-01,HONOLULU,HI,189108.0
5,2019-01-01,NEWARK,NJ,120601.0
6,2019-01-01,ORLANDO,FL,138840.0
7,2019-01-01,CHICAGO,IL,104782.0
8,2019-01-01,AGANA,GU,135618.0
9,2019-01-01,FT. LAUDERDALE,FL,88731.0
10,2019-01-01,ATLANTA,GA,87322.0
11,2019-01-01,WASHINGTON,DC,67004.0
12,2019-01-01,BOSTON,MA,64916.0
13,2019-01-01,HOUSTON,TX,70334.0
14,2019-01-01,DALLAS,TX,66899.0
15,2019-01-01,SEATTLE,WA,45515.0
16,2019-01-01,LAS VEGAS,NV,47404.0
17,2019-01-01,DETROIT,MI,40184.0
18,2019-01-01,BLAINE,WA,17198.0
19,2019-01-01,PHILADELPHIA,PA,18194.0
20,2019-01-01,MINN./ST. PAUL,MN,11236.0
21,2019-01-01,TAMPA,FL,9541.0
22,2019-01-01,NIAGARA FALLS,NY,4323.0
23,2019-01-01,SAN DIEGO,CA,9537.0
24,2019-01-01,SAN JUAN,PR,8519.0
25,2019-01-01,SANFORD,FL,2007.0
26,2019-01-01,PEACE BRIDGE,NY,4252.0
27,2019-01-01,CHAMPLAIN,NY,3206.0
28,2019-01-01,PHOENIX,AZ,6447.0
29,2019-01-01,PT HURON,MI,2038.0
30,2019-02-01,NEW YORK,NY,383262.0
31,2019-02-01,MIAMI,FL,407542.0
32,2019-02-01,LOS ANGELES,CA,301586.0
33,2019-02-01,SAN FRANCISCO,CA,163935.0
34,2019-02-01,HONOLULU,HI,173100.0
35,2019-02-01,NEWARK,NJ,117367.0
36,2019-02-01,ORLANDO,FL,130118.0
37,2019-02-01,CHICAGO,IL,76804.0
38,2019-02-01,AGANA,GU,124537.0
39,2019-02-01,FT. LAUDERDALE,FL,85895.0
40,2019-02-01,ATLANTA,GA,77561.0
41,2019-02-01,WASHINGTON,DC,54296.0
42,2019-02-01,BOSTON,MA,46257.0
43,2019-02-01,HOUSTON,TX,64537.0
44,2019-02-01,DALLAS,TX,53858.0
45,2019-02-01,SEATTLE,WA,37114.0
46,2019-02-01,LAS VEGAS,NV,34222.0
47,2019-02-01,DETROIT,MI,27403.0
48,2019-02-01,BLAINE,WA,18757.0
49,2019-02-01,PHILADELPHIA,PA,15340.0
50,2019-02-01,MINN./ST. PAUL,MN,10006.0
51,2019-02-01,TAMPA,FL,11192.0
52,2019-02-01,NIAGARA FALLS,NY,5864.0
53,2019-02-01,SAN DIEGO,CA,8861.0
54,2019-02-01,SAN JUAN,PR,7633.0
55,2019-02-01,SANFORD,FL,2179.0
56,2019-02-01,PEACE BRIDGE,NY,4157.0
57,2019-02-01,CHAMPLAIN,NY,3175.0
58,2019-02-01,PHOENIX,AZ,5767.0
59,2019-02-01,PT HURON,MI,2081.0
60,2019-03-01,NEW YORK,NY,475892.0
61,2019-03-01,MIAMI,FL,409640.0
62,2019-03-01,LOS ANGELES,CA,316188.0
63,2019-03-01,SAN FRANCISCO,CA,168577.0
64,2019-03-01,HONOLULU,HI,176214.0
65,2019-03-01,NEWARK,NJ,139703.0
66,2019-03-01,ORLANDO,FL,126036.0
67,2019-03-01,CHICAGO,IL,100902.0
68,2019-03-01,AGANA,GU,130419.0
69,2019-03-01,FT. LAUDERDALE,FL,92343.0
70,2019-03-01,ATLANTA,GA,87243.0
71,2019-03-01,WASHINGTON,DC,70847.0
72,2019-03-01,BOSTON,MA,65980.0
73,2019-03-01,HOUSTON,TX,76863.0
74,2019-03-01,DALLAS,TX,58440.0
75,2019-03-01,SEATTLE,WA,40300.0
76,2019-03-01,LAS VEGAS,NV,38695.0
77,2019-03-01,DETROIT,MI,35072.0
78,2019-03-01,BLAINE,WA,23185.0
79,2019-03-01,PHILADELPHIA,PA,18028.0
80,2019-03-01,MINN./ST. PAUL,MN,10948.0
81,2019-03-01,TAMPA,FL,11414.0
82,2019-03-01,NIAGARA FALLS,NY,7761.0
83,2019-03-01,SAN DIEGO,CA,10001.0
84,2019-03-01,SAN JUAN,PR,9185.0
85,2019-03-01,SANFORD,FL,3768.0
86,2019-03-01,PEACE BRIDGE,NY,5346.0
87,2019-03-01,CHAMPLAIN,NY,4942.0
88,2019-03-01,PHOENIX,AZ,5992.0
89,2019-03-01,PT HURON,MI,3019.0
90,2019-04-01,NEW YORK,NY,638756.0
91,2019-04-01,MIAMI,FL,452768.0
92,2019-04-01,LOS ANGELES,CA,387365.0
93,2019-04-01,SAN FRANCISCO,CA,213577.0
94,2019-04-01,HONOLULU,HI,174468.0
95,2019-04-01,NEWARK,NJ,192836.0
96,2019-04-01,ORLANDO,FL,183912.0
97,2019-04-01,CHICAGO,IL,145417.0
98,2019-04-01,AGANA,GU,107371.0
99,2019-04-01,FT. LAUDERDALE,FL,105829.0
100,2019-04-01,ATLANTA,GA,108874.0
101,2019-04-01,WASHINGTON,DC,96803.0
102,2019-04-01,BOSTON,MA,89241.0
103,2019-04-01,HOUSTON,TX,90523.0
104,2019-04-01,DALLAS,TX,69114.0
105,2019-04-01,SEATTLE,WA,51077.0
106,2019-04-01,LAS VEGAS,NV,46729.0
107,2019-04-01,DETROIT,MI,40655.0
108,2019-04-01,BLAINE,WA,24522.0
109,2019-04-01,PHILADELPHIA,PA,30611.0
110,2019-04-01,MINN./ST. PAUL,MN,14911.0
111,2019-04-01,TAMPA,FL,17963.0
112,2019-04-01,NIAGARA FALLS,NY,11828.0
113,2019-04-01,SAN DIEGO,CA,10262.0
114,2019-04-01,SAN JUAN,PR,11410.0
115,2019-04-01,SANFORD,FL,11265.0
116,2019-04-01,PEACE BRIDGE,NY,7652.0
117,2019-04-01,CHAMPLAIN,NY,7099.0
118,2019-04-01,PHOENIX,AZ,8156.0
119,2019-04-01,PT HURON,MI,5197.0
120,2019-05-01,NEW YORK,NY,631980.0
121,2019-05-01,MIAMI,FL,376778.0
122,2019-05-01,LOS ANGELES,CA,380289.0
123,2019-05-01,SAN FRANCISCO,CA,233047.0
124,2019-05-01,HONOLULU,HI,174973.0
125,2019-05-01,NEWARK,NJ,178368.0
126,2019-05-01,ORLANDO,FL,160253.0
127,2019-05-01,CHICAGO,IL,169727.0
128,2019-05-01,AGANA,GU,105101.0
129,2019-05-01,FT. LAUDERDALE,FL,93501.0
130,2019-05-01,ATLANTA,GA,105258.0
131,2019-05-01,WASHINGTON,DC,103036.0
132,2019-05-01,BOSTON,MA,104440.0
133,2019-05-01,HOUSTON,TX,87214.0
134,2019-05-01,DALLAS,TX,74494.0
135,2019-05-01,SEATTLE,WA,63844.0
136,2019-05-01,LAS VEGAS,NV,48244.0
137,2019-05-01,DETROIT,MI,42971.0
138,2019-05-01,BLAINE,WA,28294.0
139,2019-05-01,PHILADELPHIA,PA,26784.0
140,2019-05-01,MINN./ST. PAUL,MN,15873.0
141,2019-05-01,TAMPA,FL,12207.0
142,2019-05-01,NIAGARA FALLS,NY,17328.0
143,2019-05-01,SAN DIEGO,CA,9574.0
144,2019-05-01,SAN JUAN,PR,8413.0
145,2019-05-01,SANFORD,FL,15062.0
146,2019-05-01,PEACE BRIDGE,NY,8709.0
147,2019-05-01,CHAMPLAIN,NY,7128.0
148,2019-05-01,PHOENIX,AZ,7149.0
149,2019-05-01,PT HURON,MI,6014.0
150,2019-06-01,NEW YORK,NY,610885.0
151,2019-06-01,MIAMI,FL,357353.0
152,2019-06-01,LOS ANGELES,CA,396005.0
153,2019-06-01,SAN FRANCISCO,CA,232742.0
154,2019-06-01,HONOLULU,HI,186162.0
155,2019-06-01,NEWARK,NJ,171288.0
156,2019-06-01,ORLANDO,FL,147454.0
157,2019-06-01,CHICAGO,IL,154950.0
158,2019-06-01,AGANA,GU,107217.0
159,2019-06-01,FT. LAUDERDALE,FL,93402.0
160,2019-06-01,ATLANTA,GA,90430.0
161,2019-06-01,WASHINGTON,DC,100541.0
162,2019-06-01,BOSTON,MA,108745.0
163,2019-06-01,HOUSTON,TX,75597.0
164,2019-06-01,DALLAS,TX,66487.0
165,2019-06-01,SEATTLE,WA,74993.0
166,2019-06-01,LAS VEGAS,NV,50722.0
167,2019-06-01,DETROIT,MI,42322.0
168,2019-06-01,BLAINE,WA,31615.0
169,2019-06-01,PHILADELPHIA,PA,28416.0
170,2019-06-01,MINN./ST. PAUL,MN,17352.0
171,2019-06-01,TAMPA,FL,11228.0
172,2019-06-01,NIAGARA FALLS,NY,20355.0
173,2019-06-01,SAN DIEGO,CA,9909.0
174,2019-06-01,SAN JUAN,PR,8168.0
175,2019-06-01,SANFORD,FL,13384.0
176,2019-06-01,PEACE BRIDGE,NY,10524.0
177,2019-06-01,CHAMPLAIN,NY,10203.0
178,2019-06-01,PHOENIX,AZ,5914.0
179,2019-06-01,PT HURON,MI,5086.0
180,2019-07-01,NEW YORK,NY,3822002.0
181,2019-07-01,MIAMI,FL,2858467.0
182,2019-07-01,LOS ANGELES,CA,2586717.0
183,2019-07-01,SAN FRANCISCO,CA,1447080.0
184,2019-07-01,HONOLULU,HI,1274391.0
185,2019-07-01,NEWARK,NJ,1105313.0
186,2019-07-01,ORLANDO,FL,1081294.0
187,2019-07-01,CHICAGO,IL,918813.0
188,2019-07-01,AGANA,GU,831831.0
189,2019-07-01,FT. LAUDERDALE,FL,696954.0
190,2019-07-01,ATLANTA,GA,661805.0
191,2019-07-01,WASHINGTON,DC,612743.0
192,2019-07-01,BOSTON,MA,602222.0
193,2019-07-01,HOUSTON,TX,548171.0
194,2019-07-01,DALLAS,TX,467306.0
195,2019-07-01,SEATTLE,WA,400145.0
196,2019-07-01,LAS VEGAS,NV,325617.0
197,2019-07-01,DETROIT,MI,279065.0
198,2019-07-01,BLAINE,WA,181495.0
199,2019-07-01,PHILADELPHIA,PA,174943.0
200,2019-07-01,MINN./ST. PAUL,MN,104986.0
201,2019-07-01,TAMPA,FL,90635.0
202,2019-07-01,NIAGARA FALLS,NY,93367.0
203,2019-07-01,SAN DIEGO,CA,70492.0
204,2019-07-01,SAN JUAN,PR,62642.0
205,2019-07-01,SANFORD,FL,62998.0
206,2019-07-01,PEACE BRIDGE,NY,55150.0
207,2019-07-01,CHAMPLAIN,NY,50137.0
208,2019-07-01,PHOENIX,AZ,45598.0
209,2019-07-01,PT HURON,MI,45166.0
210,2018-01-01,NEW YORK,NY,381187.0
211,2018-01-01,MIAMI,FL,405807.0
212,2018-01-01,LOS ANGELES,CA,336045.0
213,2018-01-01,SAN FRANCISCO,CA,159180.0
214,2018-01-01,HONOLULU,HI,182084.0
215,2018-01-01,NEWARK,NJ,117205.0
216,2018-01-01,ORLANDO,FL,121800.0
217,2018-01-01,CHICAGO,IL,116361.0
218,2018-01-01,AGANA,GU,117144.0
219,2018-01-01,FT. LAUDERDALE,FL,91545.0
220,2018-01-01,ATLANTA,GA,87707.0
221,2018-01-01,WASHINGTON,DC,71839.0
222,2018-01-01,BOSTON,MA,63350.0
223,2018-01-01,HOUSTON,TX,69807.0
224,2018-01-01,DALLAS,TX,68783.0
225,2018-01-01,SEATTLE,WA,48598.0
226,2018-01-01,LAS VEGAS,NV,41385.0
227,2018-01-01,DETROIT,MI,40349.0
228,2018-01-01,PHILADELPHIA,PA,20236.0
229,2018-01-01,BLAINE,WA,12349.0
230,2018-01-01,MINN./ST. PAUL,MN,11639.0
231,2018-01-01,TAMPA,FL,8827.0
232,2018-01-01,SAN DIEGO,CA,8307.0
233,2018-01-01,NIAGARA FALLS,NY,3391.0
234,2018-01-01,SANFORD,FL,2058.0
235,2018-01-01,PEACE BRIDGE,NY,3589.0
236,2018-01-01,SAN JUAN,PR,5995.0
237,2018-01-01,CHAMPLAIN,NY,3079.0
238,2018-01-01,PHOENIX,AZ,6639.0
239,2018-01-01,PORTLAND,OR,4005.0
240,2018-02-01,NEW YORK,NY,366436.0
241,2018-02-01,MIAMI,FL,388110.0
242,2018-02-01,LOS ANGELES,CA,301101.0
243,2018-02-01,SAN FRANCISCO,CA,150272.0
244,2018-02-01,HONOLULU,HI,185983.0
245,2018-02-01,NEWARK,NJ,115662.0
246,2018-02-01,ORLANDO,FL,111453.0
247,2018-02-01,CHICAGO,IL,78444.0
248,2018-02-01,AGANA,GU,115778.0
249,2018-02-01,FT. LAUDERDALE,FL,83789.0
250,2018-02-01,ATLANTA,GA,74338.0
251,2018-02-01,WASHINGTON,DC,50628.0
252,2018-02-01,BOSTON,MA,45493.0
253,2018-02-01,HOUSTON,TX,63104.0
254,2018-02-01,DALLAS,TX,54256.0
255,2018-02-01,SEATTLE,WA,36840.0
256,2018-02-01,LAS VEGAS,NV,32450.0
257,2018-02-01,DETROIT,MI,27813.0
258,2018-02-01,PHILADELPHIA,PA,16719.0
259,2018-02-01,BLAINE,WA,17218.0
260,2018-02-01,MINN./ST. PAUL,MN,11687.0
261,2018-02-01,TAMPA,FL,10600.0
262,2018-02-01,SAN DIEGO,CA,8488.0
263,2018-02-01,NIAGARA FALLS,NY,3298.0
264,2018-02-01,SANFORD,FL,2087.0
265,2018-02-01,PEACE BRIDGE,NY,4007.0
266,2018-02-01,SAN JUAN,PR,6037.0
267,2018-02-01,CHAMPLAIN,NY,2959.0
268,2018-02-01,PHOENIX,AZ,5683.0
269,2018-02-01,PORTLAND,OR,4100.0
270,2018-03-01,NEW YORK,NY,509225.0
271,2018-03-01,MIAMI,FL,437102.0
272,2018-03-01,LOS ANGELES,CA,345565.0
273,2018-03-01,SAN FRANCISCO,CA,169750.0
274,2018-03-01,HONOLULU,HI,185863.0
275,2018-03-01,NEWARK,NJ,155530.0
276,2018-03-01,ORLANDO,FL,133678.0
277,2018-03-01,CHICAGO,IL,117367.0
278,2018-03-01,AGANA,GU,119290.0
279,2018-03-01,FT. LAUDERDALE,FL,100246.0
280,2018-03-01,ATLANTA,GA,95042.0
281,2018-03-01,WASHINGTON,DC,78317.0
282,2018-03-01,BOSTON,MA,69491.0
283,2018-03-01,HOUSTON,TX,81546.0
284,2018-03-01,DALLAS,TX,65321.0
285,2018-03-01,SEATTLE,WA,43855.0
286,2018-03-01,LAS VEGAS,NV,43346.0
287,2018-03-01,DETROIT,MI,35112.0
288,2018-03-01,PHILADELPHIA,PA,24241.0
289,2018-03-01,BLAINE,WA,21087.0
290,2018-03-01,MINN./ST. PAUL,MN,12093.0
291,2018-03-01,TAMPA,FL,12843.0
292,2018-03-01,SAN DIEGO,CA,10565.0
293,2018-03-01,NIAGARA FALLS,NY,5861.0
294,2018-03-01,SANFORD,FL,5363.0
295,2018-03-01,PEACE BRIDGE,NY,7287.0
296,2018-03-01,SAN JUAN,PR,8833.0
297,2018-03-01,CHAMPLAIN,NY,6967.0
298,2018-03-01,PHOENIX,AZ,7430.0
299,2018-03-01,PORTLAND,OR,4591.0
300,2018-04-01,NEW YORK,NY,570450.0
301,2018-04-01,MIAMI,FL,412491.0
302,2018-04-01,LOS ANGELES,CA,362481.0
303,2018-04-01,SAN FRANCISCO,CA,182158.0
304,2018-04-01,HONOLULU,HI,174089.0
305,2018-04-01,NEWARK,NJ,173054.0
306,2018-04-01,ORLANDO,FL,144839.0
307,2018-04-01,CHICAGO,IL,133333.0
308,2018-04-01,AGANA,GU,103085.0
309,2018-04-01,FT. LAUDERDALE,FL,95921.0
310,2018-04-01,ATLANTA,GA,101632.0
311,2018-04-01,WASHINGTON,DC,89301.0
312,2018-04-01,BOSTON,MA,72015.0
313,2018-04-01,HOUSTON,TX,84346.0
314,2018-04-01,DALLAS,TX,68527.0
315,2018-04-01,SEATTLE,WA,45872.0
316,2018-04-01,LAS VEGAS,NV,51727.0
317,2018-04-01,DETROIT,MI,38197.0
318,2018-04-01,PHILADELPHIA,PA,31157.0
319,2018-04-01,BLAINE,WA,16968.0
320,2018-04-01,MINN./ST. PAUL,MN,13197.0
321,2018-04-01,TAMPA,FL,15043.0
322,2018-04-01,SAN DIEGO,CA,10036.0
323,2018-04-01,NIAGARA FALLS,NY,6538.0
324,2018-04-01,SANFORD,FL,11389.0
325,2018-04-01,PEACE BRIDGE,NY,5502.0
326,2018-04-01,SAN JUAN,PR,8060.0
327,2018-04-01,CHAMPLAIN,NY,4966.0
328,2018-04-01,PHOENIX,AZ,6786.0
329,2018-04-01,PORTLAND,OR,4415.0
330,2018-05-01,NEW YORK,NY,626037.0
331,2018-05-01,MIAMI,FL,380057.0
332,2018-05-01,LOS ANGELES,CA,362372.0
333,2018-05-01,SAN FRANCISCO,CA,206329.0
334,2018-05-01,HONOLULU,HI,181091.0
335,2018-05-01,NEWARK,NJ,184764.0
336,2018-05-01,ORLANDO,FL,148996.0
337,2018-05-01,CHICAGO,IL,168886.0
338,2018-05-01,AGANA,GU,100463.0
339,2018-05-01,FT. LAUDERDALE,FL,95274.0
340,2018-05-01,ATLANTA,GA,103457.0
341,2018-05-01,WASHINGTON,DC,96140.0
342,2018-05-01,BOSTON,MA,91096.0
343,2018-05-01,HOUSTON,TX,78785.0
344,2018-05-01,DALLAS,TX,72209.0
345,2018-05-01,SEATTLE,WA,62836.0
346,2018-05-01,LAS VEGAS,NV,54242.0
347,2018-05-01,DETROIT,MI,41644.0
348,2018-05-01,PHILADELPHIA,PA,30905.0
349,2018-05-01,BLAINE,WA,24953.0
350,2018-05-01,MINN./ST. PAUL,MN,15389.0
351,2018-05-01,TAMPA,FL,12227.0
352,2018-05-01,SAN DIEGO,CA,11472.0
353,2018-05-01,NIAGARA FALLS,NY,12370.0
354,2018-05-01,SANFORD,FL,14329.0
355,2018-05-01,PEACE BRIDGE,NY,8672.0
356,2018-05-01,SAN JUAN,PR,7513.0
357,2018-05-01,CHAMPLAIN,NY,7701.0
358,2018-05-01,PHOENIX,AZ,5975.0
359,2018-05-01,PORTLAND,OR,5809.0
360,2018-06-01,NEW YORK,NY,612442.0
361,2018-06-01,MIAMI,FL,364137.0
362,2018-06-01,LOS ANGELES,CA,412045.0
363,2018-06-01,SAN FRANCISCO,CA,225217.0
364,2018-06-01,HONOLULU,HI,187189.0
365,2018-06-01,NEWARK,NJ,171346.0
366,2018-06-01,ORLANDO,FL,140133.0
367,2018-06-01,CHICAGO,IL,159837.0
368,2018-06-01,AGANA,GU,105998.0
369,2018-06-01,FT. LAUDERDALE,FL,95968.0
370,2018-06-01,ATLANTA,GA,85233.0
371,2018-06-01,WASHINGTON,DC,103414.0
372,2018-06-01,BOSTON,MA,98294.0
373,2018-06-01,HOUSTON,TX,76237.0
374,2018-06-01,DALLAS,TX,66129.0
375,2018-06-01,SEATTLE,WA,74550.0
376,2018-06-01,LAS VEGAS,NV,57314.0
377,2018-06-01,DETROIT,MI,41212.0
378,2018-06-01,PHILADELPHIA,PA,29096.0
379,2018-06-01,BLAINE,WA,25114.0
380,2018-06-01,MINN./ST. PAUL,MN,15934.0
381,2018-06-01,TAMPA,FL,9381.0
382,2018-06-01,SAN DIEGO,CA,10642.0
383,2018-06-01,NIAGARA FALLS,NY,13307.0
384,2018-06-01,SANFORD,FL,13854.0
385,2018-06-01,PEACE BRIDGE,NY,9779.0
386,2018-06-01,SAN JUAN,PR,8508.0
387,2018-06-01,CHAMPLAIN,NY,8916.0
388,2018-06-01,PHOENIX,AZ,5138.0
389,2018-06-01,PORTLAND,OR,8324.0
390,2018-07-01,NEW YORK,NY,685477.0
391,2018-07-01,MIAMI,FL,427904.0
392,2018-07-01,LOS ANGELES,CA,463979.0
393,2018-07-01,SAN FRANCISCO,CA,263632.0
394,2018-07-01,HONOLULU,HI,192923.0
395,2018-07-01,NEWARK,NJ,199597.0
396,2018-07-01,ORLANDO,FL,180087.0
397,2018-07-01,CHICAGO,IL,180193.0
398,2018-07-01,AGANA,GU,115755.0
399,2018-07-01,FT. LAUDERDALE,FL,119071.0
400,2018-07-01,ATLANTA,GA,102463.0
401,2018-07-01,WASHINGTON,DC,114110.0
402,2018-07-01,BOSTON,MA,118261.0
403,2018-07-01,HOUSTON,TX,85583.0
404,2018-07-01,DALLAS,TX,69806.0
405,2018-07-01,SEATTLE,WA,82446.0
406,2018-07-01,LAS VEGAS,NV,61265.0
407,2018-07-01,DETROIT,MI,49148.0
408,2018-07-01,PHILADELPHIA,PA,39973.0
409,2018-07-01,BLAINE,WA,28888.0
410,2018-07-01,MINN./ST. PAUL,MN,21977.0
411,2018-07-01,TAMPA,FL,14326.0
412,2018-07-01,SAN DIEGO,CA,12955.0
413,2018-07-01,NIAGARA FALLS,NY,15927.0
414,2018-07-01,SANFORD,FL,15029.0
415,2018-07-01,PEACE BRIDGE,NY,13341.0
416,2018-07-01,SAN JUAN,PR,9785.0
417,2018-07-01,CHAMPLAIN,NY,12916.0
418,2018-07-01,PHOENIX,AZ,5238.0
419,2018-07-01,PORTLAND,OR,10498.0
420,2018-08-01,NEW YORK,NY,664866.0
421,2018-08-01,MIAMI,FL,399841.0
422,2018-08-01,LOS ANGELES,CA,468270.0
423,2018-08-01,SAN FRANCISCO,CA,252970.0
424,2018-08-01,HONOLULU,HI,222369.0
425,2018-08-01,NEWARK,NJ,196015.0
426,2018-08-01,ORLANDO,FL,176153.0
427,2018-08-01,CHICAGO,IL,195734.0
428,2018-08-01,AGANA,GU,129348.0
429,2018-08-01,FT. LAUDERDALE,FL,116826.0
430,2018-08-01,ATLANTA,GA,113456.0
431,2018-08-01,WASHINGTON,DC,109632.0
432,2018-08-01,BOSTON,MA,116889.0
433,2018-08-01,HOUSTON,TX,80774.0
434,2018-08-01,DALLAS,TX,76463.0
435,2018-08-01,SEATTLE,WA,80485.0
436,2018-08-01,LAS VEGAS,NV,56716.0
437,2018-08-01,DETROIT,MI,52645.0
438,2018-08-01,PHILADELPHIA,PA,41690.0
439,2018-08-01,BLAINE,WA,32872.0
440,2018-08-01,MINN./ST. PAUL,MN,20517.0
441,2018-08-01,TAMPA,FL,13685.0
442,2018-08-01,SAN DIEGO,CA,12253.0
443,2018-08-01,NIAGARA FALLS,NY,17835.0
444,2018-08-01,SANFORD,FL,14771.0
445,2018-08-01,PEACE BRIDGE,NY,16715.0
446,2018-08-01,SAN JUAN,PR,10444.0
447,2018-08-01,CHAMPLAIN,NY,14521.0
448,2018-08-01,PHOENIX,AZ,6701.0
449,2018-08-01,PORTLAND,OR,9827.0
450,2018-09-01,NEW YORK,NY,613096.0
451,2018-09-01,MIAMI,FL,334402.0
452,2018-09-01,LOS ANGELES,CA,429743.0
453,2018-09-01,SAN FRANCISCO,CA,242985.0
454,2018-09-01,HONOLULU,HI,201498.0
455,2018-09-01,NEWARK,NJ,184967.0
456,2018-09-01,ORLANDO,FL,144475.0
457,2018-09-01,CHICAGO,IL,158100.0
458,2018-09-01,AGANA,GU,97842.0
459,2018-09-01,FT. LAUDERDALE,FL,89815.0
460,2018-09-01,ATLANTA,GA,92482.0
461,2018-09-01,WASHINGTON,DC,93420.0
462,2018-09-01,BOSTON,MA,106688.0
463,2018-09-01,HOUSTON,TX,77372.0
464,2018-09-01,DALLAS,TX,68078.0
465,2018-09-01,SEATTLE,WA,69872.0
466,2018-09-01,LAS VEGAS,NV,62125.0
467,2018-09-01,DETROIT,MI,39714.0
468,2018-09-01,PHILADELPHIA,PA,28956.0
469,2018-09-01,BLAINE,WA,20863.0
470,2018-09-01,MINN./ST. PAUL,MN,16449.0
471,2018-09-01,TAMPA,FL,10299.0
472,2018-09-01,SAN DIEGO,CA,11439.0
473,2018-09-01,NIAGARA FALLS,NY,13213.0
474,2018-09-01,SANFORD,FL,13237.0
475,2018-09-01,PEACE BRIDGE,NY,8018.0
476,2018-09-01,SAN JUAN,PR,6038.0
477,2018-09-01,CHAMPLAIN,NY,7411.0
478,2018-09-01,PHOENIX,AZ,6305.0
479,2018-09-01,PORTLAND,OR,7943.0
480,2018-10-01,NEW YORK,NY,655713.0
481,2018-10-01,MIAMI,FL,390356.0
482,2018-10-01,LOS ANGELES,CA,386278.0
483,2018-10-01,SAN FRANCISCO,CA,203331.0
484,2018-10-01,HONOLULU,HI,183358.0
485,2018-10-01,NEWARK,NJ,195210.0
486,2018-10-01,ORLANDO,FL,170125.0
487,2018-10-01,CHICAGO,IL,154542.0
488,2018-10-01,AGANA,GU,105879.0
489,2018-10-01,FT. LAUDERDALE,FL,95832.0
490,2018-10-01,ATLANTA,GA,98294.0
491,2018-10-01,WASHINGTON,DC,95191.0
492,2018-10-01,BOSTON,MA,100253.0
493,2018-10-01,HOUSTON,TX,84773.0
494,2018-10-01,DALLAS,TX,65843.0
495,2018-10-01,SEATTLE,WA,42693.0
496,2018-10-01,LAS VEGAS,NV,57342.0
497,2018-10-01,DETROIT,MI,37922.0
498,2018-10-01,PHILADELPHIA,PA,31463.0
499,2018-10-01,BLAINE,WA,16440.0
500,2018-10-01,MINN./ST. PAUL,MN,13675.0
501,2018-10-01,TAMPA,FL,16618.0
502,2018-10-01,SAN DIEGO,CA,11599.0
503,2018-10-01,NIAGARA FALLS,NY,11214.0
504,2018-10-01,SANFORD,FL,11798.0
505,2018-10-01,PEACE BRIDGE,NY,7796.0
506,2018-10-01,SAN JUAN,PR,7433.0
507,2018-10-01,CHAMPLAIN,NY,7878.0
508,2018-10-01,PHOENIX,AZ,6663.0
509,2018-10-01,PORTLAND,OR,5467.0
510,2018-11-01,NEW YORK,NY,507658.0
511,2018-11-01,MIAMI,FL,432409.0
512,2018-11-01,LOS ANGELES,CA,296021.0
513,2018-11-01,SAN FRANCISCO,CA,147344.0
514,2018-11-01,HONOLULU,HI,172977.0
515,2018-11-01,NEWARK,NJ,157217.0
516,2018-11-01,ORLANDO,FL,142677.0
517,2018-11-01,CHICAGO,IL,109392.0
518,2018-11-01,AGANA,GU,117177.0
519,2018-11-01,FT. LAUDERDALE,FL,104445.0
520,2018-11-01,ATLANTA,GA,80456.0
521,2018-11-01,WASHINGTON,DC,66797.0
522,2018-11-01,BOSTON,MA,66998.0
523,2018-11-01,HOUSTON,TX,76656.0
524,2018-11-01,DALLAS,TX,57425.0
525,2018-11-01,SEATTLE,WA,31934.0
526,2018-11-01,LAS VEGAS,NV,39163.0
527,2018-11-01,DETROIT,MI,27566.0
528,2018-11-01,PHILADELPHIA,PA,19426.0
529,2018-11-01,BLAINE,WA,13241.0
530,2018-11-01,MINN./ST. PAUL,MN,10624.0
531,2018-11-01,TAMPA,FL,13148.0
532,2018-11-01,SAN DIEGO,CA,10557.0
533,2018-11-01,NIAGARA FALLS,NY,4016.0
534,2018-11-01,SANFORD,FL,4719.0
535,2018-11-01,PEACE BRIDGE,NY,5080.0
536,2018-11-01,SAN JUAN,PR,9258.0
537,2018-11-01,CHAMPLAIN,NY,4105.0
538,2018-11-01,PHOENIX,AZ,5074.0
539,2018-11-01,PORTLAND,OR,3332.0
540,2018-12-01,NEW YORK,NY,589147.0
541,2018-12-01,MIAMI,FL,521161.0
542,2018-12-01,LOS ANGELES,CA,363245.0
543,2018-12-01,SAN FRANCISCO,CA,173401.0
544,2018-12-01,HONOLULU,HI,189616.0
545,2018-12-01,NEWARK,NJ,187727.0
546,2018-12-01,ORLANDO,FL,170226.0
547,2018-12-01,CHICAGO,IL,106555.0
548,2018-12-01,AGANA,GU,130466.0
549,2018-12-01,FT. LAUDERDALE,FL,137399.0
550,2018-12-01,ATLANTA,GA,96346.0
551,2018-12-01,WASHINGTON,DC,84329.0
552,2018-12-01,BOSTON,MA,67714.0
553,2018-12-01,HOUSTON,TX,96956.0
554,2018-12-01,DALLAS,TX,65093.0
555,2018-12-01,SEATTLE,WA,37751.0
556,2018-12-01,LAS VEGAS,NV,33870.0
557,2018-12-01,DETROIT,MI,32442.0
558,2018-12-01,PHILADELPHIA,PA,24727.0
559,2018-12-01,BLAINE,WA,18544.0
560,2018-12-01,MINN./ST. PAUL,MN,10833.0
561,2018-12-01,TAMPA,FL,14138.0
562,2018-12-01,SAN DIEGO,CA,9890.0
563,2018-12-01,NIAGARA FALLS,NY,5422.0
564,2018-12-01,SANFORD,FL,1972.0
565,2018-12-01,PEACE BRIDGE,NY,9409.0
566,2018-12-01,SAN JUAN,PR,10250.0
567,2018-12-01,CHAMPLAIN,NY,7705.0
568,2018-12-01,PHOENIX,AZ,6529.0
569,2018-12-01,PORTLAND,OR,3759.0
570,2017-01-01,NEW YORK,NY,374715.0
571,2017-01-01,MIAMI,FL,406942.0
572,2017-01-01,LOS ANGELES,CA,354518.0
573,2017-01-01,SAN FRANCISCO,CA,173900.0
574,2017-01-01,HONOLULU,HI,193947.0
575,2017-01-01,NEWARK,NJ,112174.0
576,2017-01-01,ORLANDO,FL,98876.0
577,2017-01-01,CHICAGO,IL,112014.0
578,2017-01-01,AGANA,GU,125042.0
579,2017-01-01,FT. LAUDERDALE,FL,77401.0
580,2017-01-01,ATLANTA,GA,77651.0
581,2017-01-01,WASHINGTON,DC,70451.0
582,2017-01-01,BOSTON,MA,61168.0
583,2017-01-01,HOUSTON,TX,75929.0
584,2017-01-01,DALLAS,TX,69000.0
585,2017-01-01,SEATTLE,WA,53889.0
586,2017-01-01,LAS VEGAS,NV,41671.0
587,2017-01-01,DETROIT,MI,39617.0
588,2017-01-01,PHILADELPHIA,PA,20113.0
589,2017-01-01,BLAINE,WA,12291.0
590,2017-01-01,MINN./ST. PAUL,MN,12223.0
591,2017-01-01,TAMPA,FL,8308.0
592,2017-01-01,SAN DIEGO,CA,10467.0
593,2017-01-01,NIAGARA FALLS,NY,3078.0
594,2017-01-01,SANFORD,FL,2484.0
595,2017-01-01,PEACE BRIDGE,NY,3512.0
596,2017-01-01,SAN JUAN,PR,13116.0
597,2017-01-01,CHAMPLAIN,NY,3120.0
598,2017-01-01,PHOENIX,AZ,6938.0
599,2017-01-01,PORTLAND,OR,4223.0
600,2017-02-01,NEW YORK,NY,327434.0
601,2017-02-01,MIAMI,FL,380832.0
602,2017-02-01,LOS ANGELES,CA,271619.0
603,2017-02-01,SAN FRANCISCO,CA,135912.0
604,2017-02-01,HONOLULU,HI,179788.0
605,2017-02-01,NEWARK,NJ,106701.0
606,2017-02-01,ORLANDO,FL,97790.0
607,2017-02-01,CHICAGO,IL,72006.0
608,2017-02-01,AGANA,GU,112828.0
609,2017-02-01,FT. LAUDERDALE,FL,72207.0
610,2017-02-01,ATLANTA,GA,65486.0
611,2017-02-01,WASHINGTON,DC,50564.0
612,2017-02-01,BOSTON,MA,41315.0
613,2017-02-01,HOUSTON,TX,61683.0
614,2017-02-01,DALLAS,TX,53777.0
615,2017-02-01,SEATTLE,WA,34588.0
616,2017-02-01,LAS VEGAS,NV,36158.0
617,2017-02-01,DETROIT,MI,27437.0
618,2017-02-01,PHILADELPHIA,PA,15977.0
619,2017-02-01,BLAINE,WA,12741.0
620,2017-02-01,MINN./ST. PAUL,MN,10922.0
621,2017-02-01,TAMPA,FL,9118.0
622,2017-02-01,SAN DIEGO,CA,7414.0
623,2017-02-01,NIAGARA FALLS,NY,3506.0
624,2017-02-01,SANFORD,FL,2946.0
625,2017-02-01,PEACE BRIDGE,NY,3666.0
626,2017-02-01,SAN JUAN,PR,13069.0
627,2017-02-01,CHAMPLAIN,NY,3553.0
628,2017-02-01,PHOENIX,AZ,5875.0
629,2017-02-01,PORTLAND,OR,3267.0
630,2017-03-01,NEW YORK,NY,436732.0
631,2017-03-01,MIAMI,FL,387510.0
632,2017-03-01,LOS ANGELES,CA,313566.0
633,2017-03-01,SAN FRANCISCO,CA,151165.0
634,2017-03-01,HONOLULU,HI,183571.0
635,2017-03-01,NEWARK,NJ,119909.0
636,2017-03-01,ORLANDO,FL,106733.0
637,2017-03-01,CHICAGO,IL,104488.0
638,2017-03-01,AGANA,GU,131358.0
639,2017-03-01,FT. LAUDERDALE,FL,75234.0
640,2017-03-01,ATLANTA,GA,85785.0
641,2017-03-01,WASHINGTON,DC,73385.0
642,2017-03-01,BOSTON,MA,57137.0
643,2017-03-01,HOUSTON,TX,71486.0
644,2017-03-01,DALLAS,TX,62285.0
645,2017-03-01,SEATTLE,WA,40812.0
646,2017-03-01,LAS VEGAS,NV,45663.0
647,2017-03-01,DETROIT,MI,33274.0
648,2017-03-01,PHILADELPHIA,PA,21196.0
649,2017-03-01,BLAINE,WA,14148.0
650,2017-03-01,MINN./ST. PAUL,MN,11584.0
651,2017-03-01,TAMPA,FL,10143.0
652,2017-03-01,SAN DIEGO,CA,8728.0
653,2017-03-01,NIAGARA FALLS,NY,3997.0
654,2017-03-01,SANFORD,FL,3824.0
655,2017-03-01,PEACE BRIDGE,NY,4701.0
656,2017-03-01,SAN JUAN,PR,13229.0
657,2017-03-01,CHAMPLAIN,NY,4024.0
658,2017-03-01,PHOENIX,AZ,6949.0
659,2017-03-01,PORTLAND,OR,3890.0
660,2017-04-01,NEW YORK,NY,610753.0
661,2017-04-01,MIAMI,FL,436046.0
662,2017-04-01,LOS ANGELES,CA,359418.0
663,2017-04-01,SAN FRANCISCO,CA,180115.0
664,2017-04-01,HONOLULU,HI,171582.0
665,2017-04-01,NEWARK,NJ,171295.0
666,2017-04-01,ORLANDO,FL,142977.0
667,2017-04-01,CHICAGO,IL,128163.0
668,2017-04-01,AGANA,GU,112538.0
669,2017-04-01,FT. LAUDERDALE,FL,90652.0
670,2017-04-01,ATLANTA,GA,104782.0
671,2017-04-01,WASHINGTON,DC,88922.0
672,2017-04-01,BOSTON,MA,74669.0
673,2017-04-01,HOUSTON,TX,89648.0
674,2017-04-01,DALLAS,TX,69858.0
675,2017-04-01,SEATTLE,WA,44039.0
676,2017-04-01,LAS VEGAS,NV,50644.0
677,2017-04-01,DETROIT,MI,38653.0
678,2017-04-01,PHILADELPHIA,PA,28872.0
679,2017-04-01,BLAINE,WA,16795.0
680,2017-04-01,MINN./ST. PAUL,MN,13427.0
681,2017-04-01,TAMPA,FL,14605.0
682,2017-04-01,SAN DIEGO,CA,9367.0
683,2017-04-01,NIAGARA FALLS,NY,7892.0
684,2017-04-01,SANFORD,FL,10931.0
685,2017-04-01,PEACE BRIDGE,NY,6629.0
686,2017-04-01,SAN JUAN,PR,13582.0
687,2017-04-01,CHAMPLAIN,NY,6785.0
688,2017-04-01,PHOENIX,AZ,7546.0
689,2017-04-01,PORTLAND,OR,4539.0
690,2017-05-01,NEW YORK,NY,581461.0
691,2017-05-01,MIAMI,FL,355378.0
692,2017-05-01,LOS ANGELES,CA,355819.0
693,2017-05-01,SAN FRANCISCO,CA,197037.0
694,2017-05-01,HONOLULU,HI,181520.0
695,2017-05-01,NEWARK,NJ,160263.0
696,2017-05-01,ORLANDO,FL,131723.0
697,2017-05-01,CHICAGO,IL,162179.0
698,2017-05-01,AGANA,GU,107593.0
699,2017-05-01,FT. LAUDERDALE,FL,74663.0
700,2017-05-01,ATLANTA,GA,98079.0
701,2017-05-01,WASHINGTON,DC,95775.0
702,2017-05-01,BOSTON,MA,86880.0
703,2017-05-01,HOUSTON,TX,79648.0
704,2017-05-01,DALLAS,TX,71677.0
705,2017-05-01,SEATTLE,WA,56555.0
706,2017-05-01,LAS VEGAS,NV,54711.0
707,2017-05-01,DETROIT,MI,42115.0
708,2017-05-01,PHILADELPHIA,PA,25968.0
709,2017-05-01,BLAINE,WA,19819.0
710,2017-05-01,MINN./ST. PAUL,MN,14827.0
711,2017-05-01,TAMPA,FL,11214.0
712,2017-05-01,SAN DIEGO,CA,8870.0
713,2017-05-01,NIAGARA FALLS,NY,11195.0
714,2017-05-01,SANFORD,FL,16416.0
715,2017-05-01,PEACE BRIDGE,NY,7558.0
716,2017-05-01,SAN JUAN,PR,8682.0
717,2017-05-01,CHAMPLAIN,NY,7722.0
718,2017-05-01,PHOENIX,AZ,6069.0
719,2017-05-01,PORTLAND,OR,5498.0
720,2017-06-01,NEW YORK,NY,601761.0
721,2017-06-01,MIAMI,FL,375838.0
722,2017-06-01,LOS ANGELES,CA,392844.0
723,2017-06-01,SAN FRANCISCO,CA,215980.0
724,2017-06-01,HONOLULU,HI,191280.0
725,2017-06-01,NEWARK,NJ,153490.0
726,2017-06-01,ORLANDO,FL,125766.0
727,2017-06-01,CHICAGO,IL,168905.0
728,2017-06-01,AGANA,GU,111176.0
729,2017-06-01,FT. LAUDERDALE,FL,84657.0
730,2017-06-01,ATLANTA,GA,91467.0
731,2017-06-01,WASHINGTON,DC,97711.0
732,2017-06-01,BOSTON,MA,94048.0
733,2017-06-01,HOUSTON,TX,76565.0
734,2017-06-01,DALLAS,TX,65239.0
735,2017-06-01,SEATTLE,WA,64857.0
736,2017-06-01,LAS VEGAS,NV,54247.0
737,2017-06-01,DETROIT,MI,41242.0
738,2017-06-01,PHILADELPHIA,PA,26985.0
739,2017-06-01,BLAINE,WA,22207.0
740,2017-06-01,MINN./ST. PAUL,MN,16209.0
741,2017-06-01,TAMPA,FL,9150.0
742,2017-06-01,SAN DIEGO,CA,9323.0
743,2017-06-01,NIAGARA FALLS,NY,12932.0
744,2017-06-01,SANFORD,FL,14732.0
745,2017-06-01,PEACE BRIDGE,NY,8093.0
746,2017-06-01,SAN JUAN,PR,9931.0
747,2017-06-01,CHAMPLAIN,NY,8816.0
748,2017-06-01,PHOENIX,AZ,5259.0
749,2017-06-01,PORTLAND,OR,8075.0
750,2017-07-01,NEW YORK,NY,676663.0
751,2017-07-01,MIAMI,FL,448221.0
752,2017-07-01,LOS ANGELES,CA,442936.0
753,2017-07-01,SAN FRANCISCO,CA,253206.0
754,2017-07-01,HONOLULU,HI,207252.0
755,2017-07-01,NEWARK,NJ,174418.0
756,2017-07-01,ORLANDO,FL,176206.0
757,2017-07-01,CHICAGO,IL,169553.0
758,2017-07-01,AGANA,GU,119844.0
759,2017-07-01,FT. LAUDERDALE,FL,107834.0
760,2017-07-01,ATLANTA,GA,100589.0
761,2017-07-01,WASHINGTON,DC,118432.0
762,2017-07-01,BOSTON,MA,108904.0
763,2017-07-01,HOUSTON,TX,85780.0
764,2017-07-01,DALLAS,TX,73535.0
765,2017-07-01,SEATTLE,WA,72693.0
766,2017-07-01,LAS VEGAS,NV,58930.0
767,2017-07-01,DETROIT,MI,48160.0
768,2017-07-01,PHILADELPHIA,PA,35723.0
769,2017-07-01,BLAINE,WA,31207.0
770,2017-07-01,MINN./ST. PAUL,MN,21374.0
771,2017-07-01,TAMPA,FL,13494.0
772,2017-07-01,SAN DIEGO,CA,11497.0
773,2017-07-01,NIAGARA FALLS,NY,17397.0
774,2017-07-01,SANFORD,FL,17508.0
775,2017-07-01,PEACE BRIDGE,NY,13185.0
776,2017-07-01,SAN JUAN,PR,12441.0
777,2017-07-01,CHAMPLAIN,NY,13391.0
778,2017-07-01,PHOENIX,AZ,5188.0
779,2017-07-01,PORTLAND,OR,9508.0
780,2017-08-01,NEW YORK,NY,662103.0
781,2017-08-01,MIAMI,FL,432057.0
782,2017-08-01,LOS ANGELES,CA,443307.0
783,2017-08-01,SAN FRANCISCO,CA,250830.0
784,2017-08-01,HONOLULU,HI,232982.0
785,2017-08-01,NEWARK,NJ,181769.0
786,2017-08-01,ORLANDO,FL,176607.0
787,2017-08-01,CHICAGO,IL,194476.0
788,2017-08-01,AGANA,GU,132956.0
789,2017-08-01,FT. LAUDERDALE,FL,105970.0
790,2017-08-01,ATLANTA,GA,113592.0
791,2017-08-01,WASHINGTON,DC,112199.0
792,2017-08-01,BOSTON,MA,110763.0
793,2017-08-01,HOUSTON,TX,67173.0
794,2017-08-01,DALLAS,TX,78804.0
795,2017-08-01,SEATTLE,WA,75881.0
796,2017-08-01,LAS VEGAS,NV,58440.0
797,2017-08-01,DETROIT,MI,56304.0
798,2017-08-01,PHILADELPHIA,PA,40058.0
799,2017-08-01,BLAINE,WA,35136.0
800,2017-08-01,MINN./ST. PAUL,MN,21200.0
801,2017-08-01,TAMPA,FL,12693.0
802,2017-08-01,SAN DIEGO,CA,10517.0
803,2017-08-01,NIAGARA FALLS,NY,18259.0
804,2017-08-01,SANFORD,FL,17986.0
805,2017-08-01,PEACE BRIDGE,NY,14869.0
806,2017-08-01,SAN JUAN,PR,13776.0
807,2017-08-01,CHAMPLAIN,NY,14174.0
808,2017-08-01,PHOENIX,AZ,5658.0
809,2017-08-01,PORTLAND,OR,11904.0
810,2017-09-01,NEW YORK,NY,602459.0
811,2017-09-01,MIAMI,FL,300402.0
812,2017-09-01,LOS ANGELES,CA,417120.0
813,2017-09-01,SAN FRANCISCO,CA,236913.0
814,2017-09-01,HONOLULU,HI,212731.0
815,2017-09-01,NEWARK,NJ,164457.0
816,2017-09-01,ORLANDO,FL,123846.0
817,2017-09-01,CHICAGO,IL,151197.0
818,2017-09-01,AGANA,GU,106173.0
819,2017-09-01,FT. LAUDERDALE,FL,65275.0
820,2017-09-01,ATLANTA,GA,94828.0
821,2017-09-01,WASHINGTON,DC,92654.0
822,2017-09-01,BOSTON,MA,98844.0
823,2017-09-01,HOUSTON,TX,71026.0
824,2017-09-01,DALLAS,TX,70188.0
825,2017-09-01,SEATTLE,WA,69947.0
826,2017-09-01,LAS VEGAS,NV,64137.0
827,2017-09-01,DETROIT,MI,41296.0
828,2017-09-01,PHILADELPHIA,PA,25112.0
829,2017-09-01,BLAINE,WA,21895.0
830,2017-09-01,MINN./ST. PAUL,MN,15985.0
831,2017-09-01,TAMPA,FL,9389.0
832,2017-09-01,SAN DIEGO,CA,9156.0
833,2017-09-01,NIAGARA FALLS,NY,13245.0
834,2017-09-01,SANFORD,FL,15047.0
835,2017-09-01,PEACE BRIDGE,NY,8539.0
836,2017-09-01,SAN JUAN,PR,4872.0
837,2017-09-01,CHAMPLAIN,NY,8760.0
838,2017-09-01,PHOENIX,AZ,5444.0
839,2017-09-01,PORTLAND,OR,8063.0
840,2017-10-01,NEW YORK,NY,637793.0
841,2017-10-01,MIAMI,FL,408529.0
842,2017-10-01,LOS ANGELES,CA,363596.0
843,2017-10-01,SAN FRANCISCO,CA,188762.0
844,2017-10-01,HONOLULU,HI,195740.0
845,2017-10-01,NEWARK,NJ,179701.0
846,2017-10-01,ORLANDO,FL,156005.0
847,2017-10-01,CHICAGO,IL,139551.0
848,2017-10-01,AGANA,GU,95763.0
849,2017-10-01,FT. LAUDERDALE,FL,88522.0
850,2017-10-01,ATLANTA,GA,103731.0
851,2017-10-01,WASHINGTON,DC,98529.0
852,2017-10-01,BOSTON,MA,88128.0
853,2017-10-01,HOUSTON,TX,80895.0
854,2017-10-01,DALLAS,TX,66729.0
855,2017-10-01,SEATTLE,WA,45015.0
856,2017-10-01,LAS VEGAS,NV,59659.0
857,2017-10-01,DETROIT,MI,41444.0
858,2017-10-01,PHILADELPHIA,PA,30377.0
859,2017-10-01,BLAINE,WA,18104.0
860,2017-10-01,MINN./ST. PAUL,MN,14407.0
861,2017-10-01,TAMPA,FL,16820.0
862,2017-10-01,SAN DIEGO,CA,8402.0
863,2017-10-01,NIAGARA FALLS,NY,11803.0
864,2017-10-01,SANFORD,FL,13157.0
865,2017-10-01,PEACE BRIDGE,NY,8405.0
866,2017-10-01,SAN JUAN,PR,2131.0
867,2017-10-01,CHAMPLAIN,NY,9294.0
868,2017-10-01,PHOENIX,AZ,5683.0
869,2017-10-01,PORTLAND,OR,4895.0
870,2017-11-01,NEW YORK,NY,482117.0
871,2017-11-01,MIAMI,FL,416380.0
872,2017-11-01,LOS ANGELES,CA,280611.0
873,2017-11-01,SAN FRANCISCO,CA,134374.0
874,2017-11-01,HONOLULU,HI,189456.0
875,2017-11-01,NEWARK,NJ,143589.0
876,2017-11-01,ORLANDO,FL,113791.0
877,2017-11-01,CHICAGO,IL,107931.0
878,2017-11-01,AGANA,GU,113019.0
879,2017-11-01,FT. LAUDERDALE,FL,108350.0
880,2017-11-01,ATLANTA,GA,79875.0
881,2017-11-01,WASHINGTON,DC,71240.0
882,2017-11-01,BOSTON,MA,66787.0
883,2017-11-01,HOUSTON,TX,70172.0
884,2017-11-01,DALLAS,TX,56180.0
885,2017-11-01,SEATTLE,WA,30834.0
886,2017-11-01,LAS VEGAS,NV,41856.0
887,2017-11-01,DETROIT,MI,28356.0
888,2017-11-01,PHILADELPHIA,PA,20449.0
889,2017-11-01,BLAINE,WA,12679.0
890,2017-11-01,MINN./ST. PAUL,MN,10856.0
891,2017-11-01,TAMPA,FL,12564.0
892,2017-11-01,SAN DIEGO,CA,8020.0
893,2017-11-01,NIAGARA FALLS,NY,4903.0
894,2017-11-01,SANFORD,FL,3472.0
895,2017-11-01,PEACE BRIDGE,NY,5132.0
896,2017-11-01,SAN JUAN,PR,3543.0
897,2017-11-01,CHAMPLAIN,NY,4766.0
898,2017-11-01,PHOENIX,AZ,5319.0
899,2017-11-01,PORTLAND,OR,3408.0
900,2017-12-01,NEW YORK,NY,594037.0
901,2017-12-01,MIAMI,FL,513778.0
902,2017-12-01,LOS ANGELES,CA,364432.0
903,2017-12-01,SAN FRANCISCO,CA,153238.0
904,2017-12-01,HONOLULU,HI,199652.0
905,2017-12-01,NEWARK,NJ,179409.0
906,2017-12-01,ORLANDO,FL,138528.0
907,2017-12-01,CHICAGO,IL,107949.0
908,2017-12-01,AGANA,GU,124348.0
909,2017-12-01,FT. LAUDERDALE,FL,138542.0
910,2017-12-01,ATLANTA,GA,103205.0
911,2017-12-01,WASHINGTON,DC,79781.0
912,2017-12-01,BOSTON,MA,62374.0
913,2017-12-01,HOUSTON,TX,94646.0
914,2017-12-01,DALLAS,TX,70229.0
915,2017-12-01,SEATTLE,WA,39918.0
916,2017-12-01,LAS VEGAS,NV,31453.0
917,2017-12-01,DETROIT,MI,33480.0
918,2017-12-01,PHILADELPHIA,PA,27652.0
919,2017-12-01,BLAINE,WA,19938.0
920,2017-12-01,MINN./ST. PAUL,MN,11483.0
921,2017-12-01,TAMPA,FL,12443.0
922,2017-12-01,SAN DIEGO,CA,7777.0
923,2017-12-01,NIAGARA FALLS,NY,6990.0
924,2017-12-01,SANFORD,FL,2230.0
925,2017-12-01,PEACE BRIDGE,NY,9704.0
926,2017-12-01,SAN JUAN,PR,6789.0
927,2017-12-01,CHAMPLAIN,NY,8348.0
928,2017-12-01,PHOENIX,AZ,6248.0
929,2017-12-01,PORTLAND,OR,3848.0
930,2016-01-01,NEW YORK,NY,372217.0
931,2016-01-01,MIAMI,FL,404042.0
932,2016-01-01,LOS ANGELES,CA,319167.0
933,2016-01-01,SAN FRANCISCO,CA,161548.0
934,2016-01-01,HONOLULU,HI,180059.0
935,2016-01-01,NEWARK,NJ,106435.0
936,2016-01-01,ORLANDO,FL,118661.0
937,2016-01-01,CHICAGO,IL,114722.0
938,2016-01-01,AGANA,GU,118162.0
939,2016-01-01,FT. LAUDERDALE,FL,72222.0
940,2016-01-01,ATLANTA,GA,83043.0
941,2016-01-01,WASHINGTON,DC,63423.0
942,2016-01-01,BOSTON,MA,53313.0
943,2016-01-01,HOUSTON,TX,82582.0
944,2016-01-01,DALLAS,TX,64901.0
945,2016-01-01,SEATTLE,WA,46834.0
946,2016-01-01,LAS VEGAS,NV,34483.0
947,2016-01-01,DETROIT,MI,38913.0
948,2016-01-01,PHILADELPHIA,PA,21293.0
949,2016-01-01,BLAINE,WA,11433.0
950,2016-01-01,MINN./ST. PAUL,MN,11654.0
951,2016-01-01,TAMPA,FL,9684.0
952,2016-01-01,SAN DIEGO,CA,7851.0
953,2016-01-01,NIAGARA FALLS,NY,3653.0
954,2016-01-01,SANFORD,FL,2740.0
955,2016-01-01,PEACE BRIDGE,NY,3171.0
956,2016-01-01,SAN JUAN,PR,14953.0
957,2016-01-01,CHAMPLAIN,NY,3402.0
958,2016-01-01,PHOENIX,AZ,7431.0
959,2016-01-01,PORTLAND,OR,4148.0
960,2016-02-01,NEW YORK,NY,361368.0
961,2016-02-01,MIAMI,FL,369054.0
962,2016-02-01,LOS ANGELES,CA,276995.0
963,2016-02-01,SAN FRANCISCO,CA,146060.0
964,2016-02-01,HONOLULU,HI,175283.0
965,2016-02-01,NEWARK,NJ,114198.0
966,2016-02-01,ORLANDO,FL,96968.0
967,2016-02-01,CHICAGO,IL,79432.0
968,2016-02-01,AGANA,GU,123670.0
969,2016-02-01,FT. LAUDERDALE,FL,62994.0
970,2016-02-01,ATLANTA,GA,74142.0
971,2016-02-01,WASHINGTON,DC,49965.0
972,2016-02-01,BOSTON,MA,37838.0
973,2016-02-01,HOUSTON,TX,67313.0
974,2016-02-01,DALLAS,TX,49628.0
975,2016-02-01,SEATTLE,WA,35952.0
976,2016-02-01,LAS VEGAS,NV,32911.0
977,2016-02-01,DETROIT,MI,27812.0
978,2016-02-01,PHILADELPHIA,PA,17652.0
979,2016-02-01,BLAINE,WA,15711.0
980,2016-02-01,MINN./ST. PAUL,MN,8685.0
981,2016-02-01,TAMPA,FL,9106.0
982,2016-02-01,SAN DIEGO,CA,7393.0
983,2016-02-01,NIAGARA FALLS,NY,5426.0
984,2016-02-01,SANFORD,FL,3277.0
985,2016-02-01,PEACE BRIDGE,NY,3856.0
986,2016-02-01,SAN JUAN,PR,13475.0
987,2016-02-01,CHAMPLAIN,NY,4655.0
988,2016-02-01,PHOENIX,AZ,6735.0
989,2016-02-01,PORTLAND,OR,3606.0
990,2016-03-01,NEW YORK,NY,508969.0
991,2016-03-01,MIAMI,FL,415674.0
992,2016-03-01,LOS ANGELES,CA,310074.0
993,2016-03-01,SAN FRANCISCO,CA,156949.0
994,2016-03-01,HONOLULU,HI,174239.0
995,2016-03-01,NEWARK,NJ,146172.0
996,2016-03-01,ORLANDO,FL,116111.0
997,2016-03-01,CHICAGO,IL,111504.0
998,2016-03-01,AGANA,GU,120888.0
999,2016-03-01,FT. LAUDERDALE,FL,74222.0
1000,2016-03-01,ATLANTA,GA,92202.0
1001,2016-03-01,WASHINGTON,DC,79398.0
1002,2016-03-01,BOSTON,MA,63932.0
1003,2016-03-01,HOUSTON,TX,80499.0
1004,2016-03-01,DALLAS,TX,59919.0
1005,2016-03-01,SEATTLE,WA,41107.0
1006,2016-03-01,LAS VEGAS,NV,41711.0
1007,2016-03-01,DETROIT,MI,35974.0
1008,2016-03-01,PHILADELPHIA,PA,29812.0
1009,2016-03-01,BLAINE,WA,18570.0
1010,2016-03-01,MINN./ST. PAUL,MN,9251.0
1011,2016-03-01,TAMPA,FL,12219.0
1012,2016-03-01,SAN DIEGO,CA,8796.0
1013,2016-03-01,NIAGARA FALLS,NY,10779.0
1014,2016-03-01,SANFORD,FL,5586.0
1015,2016-03-01,PEACE BRIDGE,NY,6803.0
1016,2016-03-01,SAN JUAN,PR,14590.0
1017,2016-03-01,CHAMPLAIN,NY,6646.0
1018,2016-03-01,PHOENIX,AZ,8343.0
1019,2016-03-01,PORTLAND,OR,4284.0
1020,2016-04-01,NEW YORK,NY,550032.0
1021,2016-04-01,MIAMI,FL,378130.0
1022,2016-04-01,LOS ANGELES,CA,316270.0
1023,2016-04-01,SAN FRANCISCO,CA,164863.0
1024,2016-04-01,HONOLULU,HI,168629.0
1025,2016-04-01,NEWARK,NJ,147602.0
1026,2016-04-01,ORLANDO,FL,126054.0
1027,2016-04-01,CHICAGO,IL,125394.0
1028,2016-04-01,AGANA,GU,94704.0
1029,2016-04-01,FT. LAUDERDALE,FL,65669.0
1030,2016-04-01,ATLANTA,GA,91687.0
1031,2016-04-01,WASHINGTON,DC,82029.0
1032,2016-04-01,BOSTON,MA,62144.0
1033,2016-04-01,HOUSTON,TX,80710.0
1034,2016-04-01,DALLAS,TX,63761.0
1035,2016-04-01,SEATTLE,WA,44202.0
1036,2016-04-01,LAS VEGAS,NV,50656.0
1037,2016-04-01,DETROIT,MI,38833.0
1038,2016-04-01,PHILADELPHIA,PA,24644.0
1039,2016-04-01,BLAINE,WA,13561.0
1040,2016-04-01,MINN./ST. PAUL,MN,10575.0
1041,2016-04-01,TAMPA,FL,13183.0
1042,2016-04-01,SAN DIEGO,CA,8452.0
1043,2016-04-01,NIAGARA FALLS,NY,7453.0
1044,2016-04-01,SANFORD,FL,11506.0
1045,2016-04-01,PEACE BRIDGE,NY,4956.0
1046,2016-04-01,SAN JUAN,PR,9006.0
1047,2016-04-01,CHAMPLAIN,NY,6299.0
1048,2016-04-01,PHOENIX,AZ,7207.0
1049,2016-04-01,PORTLAND,OR,3837.0
1050,2016-05-01,NEW YORK,NY,607725.0
1051,2016-05-01,MIAMI,FL,370746.0
1052,2016-05-01,LOS ANGELES,CA,335816.0
1053,2016-05-01,SAN FRANCISCO,CA,197848.0
1054,2016-05-01,HONOLULU,HI,180387.0
1055,2016-05-01,NEWARK,NJ,166420.0
1056,2016-05-01,ORLANDO,FL,132850.0
1057,2016-05-01,CHICAGO,IL,162662.0
1058,2016-05-01,AGANA,GU,100524.0
1059,2016-05-01,FT. LAUDERDALE,FL,67347.0
1060,2016-05-01,ATLANTA,GA,97002.0
1061,2016-05-01,WASHINGTON,DC,99119.0
1062,2016-05-01,BOSTON,MA,82360.0
1063,2016-05-01,HOUSTON,TX,87356.0
1064,2016-05-01,DALLAS,TX,71406.0
1065,2016-05-01,SEATTLE,WA,52471.0
1066,2016-05-01,LAS VEGAS,NV,58385.0
1067,2016-05-01,DETROIT,MI,42009.0
1068,2016-05-01,PHILADELPHIA,PA,26956.0
1069,2016-05-01,BLAINE,WA,18258.0
1070,2016-05-01,MINN./ST. PAUL,MN,12757.0
1071,2016-05-01,TAMPA,FL,11483.0
1072,2016-05-01,SAN DIEGO,CA,9639.0
1073,2016-05-01,NIAGARA FALLS,NY,12469.0
1074,2016-05-01,SANFORD,FL,15578.0
1075,2016-05-01,PEACE BRIDGE,NY,7236.0
1076,2016-05-01,SAN JUAN,PR,8056.0
1077,2016-05-01,CHAMPLAIN,NY,9448.0
1078,2016-05-01,PHOENIX,AZ,6159.0
1079,2016-05-01,PORTLAND,OR,4711.0
1080,2016-06-01,NEW YORK,NY,603739.0
1081,2016-06-01,MIAMI,FL,370528.0
1082,2016-06-01,LOS ANGELES,CA,388728.0
1083,2016-06-01,SAN FRANCISCO,CA,212213.0
1084,2016-06-01,HONOLULU,HI,185470.0
1085,2016-06-01,NEWARK,NJ,157590.0
1086,2016-06-01,ORLANDO,FL,120221.0
1087,2016-06-01,CHICAGO,IL,167505.0
1088,2016-06-01,AGANA,GU,106909.0
1089,2016-06-01,FT. LAUDERDALE,FL,70067.0
1090,2016-06-01,ATLANTA,GA,85172.0
1091,2016-06-01,WASHINGTON,DC,97280.0
1092,2016-06-01,BOSTON,MA,95979.0
1093,2016-06-01,HOUSTON,TX,83665.0
1094,2016-06-01,DALLAS,TX,66160.0
1095,2016-06-01,SEATTLE,WA,66305.0
1096,2016-06-01,LAS VEGAS,NV,55550.0
1097,2016-06-01,DETROIT,MI,41766.0
1098,2016-06-01,PHILADELPHIA,PA,28259.0
1099,2016-06-01,BLAINE,WA,20673.0
1100,2016-06-01,MINN./ST. PAUL,MN,15038.0
1101,2016-06-01,TAMPA,FL,9201.0
1102,2016-06-01,SAN DIEGO,CA,7835.0
1103,2016-06-01,NIAGARA FALLS,NY,11806.0
1104,2016-06-01,SANFORD,FL,14802.0
1105,2016-06-01,PEACE BRIDGE,NY,6960.0
1106,2016-06-01,SAN JUAN,PR,8353.0
1107,2016-06-01,CHAMPLAIN,NY,9909.0
1108,2016-06-01,PHOENIX,AZ,4694.0
1109,2016-06-01,PORTLAND,OR,7247.0
1110,2016-07-01,NEW YORK,NY,711925.0
1111,2016-07-01,MIAMI,FL,460132.0
1112,2016-07-01,LOS ANGELES,CA,457301.0
1113,2016-07-01,SAN FRANCISCO,CA,247972.0
1114,2016-07-01,HONOLULU,HI,196656.0
1115,2016-07-01,NEWARK,NJ,180919.0
1116,2016-07-01,ORLANDO,FL,174492.0
1117,2016-07-01,CHICAGO,IL,184797.0
1118,2016-07-01,AGANA,GU,105550.0
1119,2016-07-01,FT. LAUDERDALE,FL,87373.0
1120,2016-07-01,ATLANTA,GA,98467.0
1121,2016-07-01,WASHINGTON,DC,119213.0
1122,2016-07-01,BOSTON,MA,119921.0
1123,2016-07-01,HOUSTON,TX,89998.0
1124,2016-07-01,DALLAS,TX,73024.0
1125,2016-07-01,SEATTLE,WA,76983.0
1126,2016-07-01,LAS VEGAS,NV,58028.0
1127,2016-07-01,DETROIT,MI,50934.0
1128,2016-07-01,PHILADELPHIA,PA,39208.0
1129,2016-07-01,BLAINE,WA,31413.0
1130,2016-07-01,MINN./ST. PAUL,MN,20518.0
1131,2016-07-01,TAMPA,FL,14205.0
1132,2016-07-01,SAN DIEGO,CA,9186.0
1133,2016-07-01,NIAGARA FALLS,NY,19030.0
1134,2016-07-01,SANFORD,FL,16679.0
1135,2016-07-01,PEACE BRIDGE,NY,14151.0
1136,2016-07-01,SAN JUAN,PR,12231.0
1137,2016-07-01,CHAMPLAIN,NY,16984.0
1138,2016-07-01,PHOENIX,AZ,5574.0
1139,2016-07-01,PORTLAND,OR,9608.0
1140,2016-08-01,NEW YORK,NY,682504.0
1141,2016-08-01,MIAMI,FL,421012.0
1142,2016-08-01,LOS ANGELES,CA,439211.0
1143,2016-08-01,SAN FRANCISCO,CA,241789.0
1144,2016-08-01,HONOLULU,HI,218544.0
1145,2016-08-01,NEWARK,NJ,180884.0
1146,2016-08-01,ORLANDO,FL,164974.0
1147,2016-08-01,CHICAGO,IL,200753.0
1148,2016-08-01,AGANA,GU,114161.0
1149,2016-08-01,FT. LAUDERDALE,FL,82315.0
1150,2016-08-01,ATLANTA,GA,107162.0
1151,2016-08-01,WASHINGTON,DC,112899.0
1152,2016-08-01,BOSTON,MA,115184.0
1153,2016-08-01,HOUSTON,TX,85063.0
1154,2016-08-01,DALLAS,TX,74662.0
1155,2016-08-01,SEATTLE,WA,75403.0
1156,2016-08-01,LAS VEGAS,NV,57665.0
1157,2016-08-01,DETROIT,MI,58576.0
1158,2016-08-01,PHILADELPHIA,PA,41035.0
1159,2016-08-01,BLAINE,WA,29673.0
1160,2016-08-01,MINN./ST. PAUL,MN,19850.0
1161,2016-08-01,TAMPA,FL,12548.0
1162,2016-08-01,SAN DIEGO,CA,9660.0
1163,2016-08-01,NIAGARA FALLS,NY,16079.0
1164,2016-08-01,SANFORD,FL,16951.0
1165,2016-08-01,PEACE BRIDGE,NY,13053.0
1166,2016-08-01,SAN JUAN,PR,13689.0
1167,2016-08-01,CHAMPLAIN,NY,15237.0
1168,2016-08-01,PHOENIX,AZ,5978.0
1169,2016-08-01,PORTLAND,OR,9323.0
1170,2016-09-01,NEW YORK,NY,620518.0
1171,2016-09-01,MIAMI,FL,367243.0
1172,2016-09-01,LOS ANGELES,CA,433155.0
1173,2016-09-01,SAN FRANCISCO,CA,238295.0
1174,2016-09-01,HONOLULU,HI,208355.0
1175,2016-09-01,NEWARK,NJ,166933.0
1176,2016-09-01,ORLANDO,FL,122500.0
1177,2016-09-01,CHICAGO,IL,158576.0
1178,2016-09-01,AGANA,GU,114944.0
1179,2016-09-01,FT. LAUDERDALE,FL,73918.0
1180,2016-09-01,ATLANTA,GA,92673.0
1181,2016-09-01,WASHINGTON,DC,99156.0
1182,2016-09-01,BOSTON,MA,102505.0
1183,2016-09-01,HOUSTON,TX,83933.0
1184,2016-09-01,DALLAS,TX,71162.0
1185,2016-09-01,SEATTLE,WA,70679.0
1186,2016-09-01,LAS VEGAS,NV,68255.0
1187,2016-09-01,DETROIT,MI,42654.0
1188,2016-09-01,PHILADELPHIA,PA,28821.0
1189,2016-09-01,BLAINE,WA,20584.0
1190,2016-09-01,MINN./ST. PAUL,MN,16109.0
1191,2016-09-01,TAMPA,FL,10472.0
1192,2016-09-01,SAN DIEGO,CA,10269.0
1193,2016-09-01,NIAGARA FALLS,NY,13316.0
1194,2016-09-01,SANFORD,FL,15745.0
1195,2016-09-01,PEACE BRIDGE,NY,8451.0
1196,2016-09-01,SAN JUAN,PR,8894.0
1197,2016-09-01,CHAMPLAIN,NY,9143.0
1198,2016-09-01,PHOENIX,AZ,5800.0
1199,2016-09-01,PORTLAND,OR,8426.0
1200,2016-10-01,NEW YORK,NY,644660.0
1201,2016-10-01,MIAMI,FL,420437.0
1202,2016-10-01,LOS ANGELES,CA,380244.0
1203,2016-10-01,SAN FRANCISCO,CA,189189.0
1204,2016-10-01,HONOLULU,HI,204637.0
1205,2016-10-01,NEWARK,NJ,181276.0
1206,2016-10-01,ORLANDO,FL,142567.0
1207,2016-10-01,CHICAGO,IL,146156.0
1208,2016-10-01,AGANA,GU,111005.0
1209,2016-10-01,FT. LAUDERDALE,FL,75749.0
1210,2016-10-01,ATLANTA,GA,96061.0
1211,2016-10-01,WASHINGTON,DC,100966.0
1212,2016-10-01,BOSTON,MA,87374.0
1213,2016-10-01,HOUSTON,TX,86935.0
1214,2016-10-01,DALLAS,TX,69482.0
1215,2016-10-01,SEATTLE,WA,41776.0
1216,2016-10-01,LAS VEGAS,NV,60947.0
1217,2016-10-01,DETROIT,MI,41833.0
1218,2016-10-01,PHILADELPHIA,PA,30015.0
1219,2016-10-01,BLAINE,WA,16902.0
1220,2016-10-01,MINN./ST. PAUL,MN,12495.0
1221,2016-10-01,TAMPA,FL,16288.0
1222,2016-10-01,SAN DIEGO,CA,7706.0
1223,2016-10-01,NIAGARA FALLS,NY,15987.0
1224,2016-10-01,SANFORD,FL,11869.0
1225,2016-10-01,PEACE BRIDGE,NY,8221.0
1226,2016-10-01,SAN JUAN,PR,9739.0
1227,2016-10-01,CHAMPLAIN,NY,9560.0
1228,2016-10-01,PHOENIX,AZ,5751.0
1229,2016-10-01,PORTLAND,OR,5126.0
1230,2016-11-01,NEW YORK,NY,427773.0
1231,2016-11-01,MIAMI,FL,418983.0
1232,2016-11-01,LOS ANGELES,CA,280081.0
1233,2016-11-01,SAN FRANCISCO,CA,130721.0
1234,2016-11-01,HONOLULU,HI,188554.0
1235,2016-11-01,NEWARK,NJ,137177.0
1236,2016-11-01,ORLANDO,FL,100126.0
1237,2016-11-01,CHICAGO,IL,106088.0
1238,2016-11-01,AGANA,GU,114156.0
1239,2016-11-01,FT. LAUDERDALE,FL,88335.0
1240,2016-11-01,ATLANTA,GA,65899.0
1241,2016-11-01,WASHINGTON,DC,69894.0
1242,2016-11-01,BOSTON,MA,63524.0
1243,2016-11-01,HOUSTON,TX,76496.0
1244,2016-11-01,DALLAS,TX,54639.0
1245,2016-11-01,SEATTLE,WA,28153.0
1246,2016-11-01,LAS VEGAS,NV,43839.0
1247,2016-11-01,DETROIT,MI,27623.0
1248,2016-11-01,PHILADELPHIA,PA,18841.0
1249,2016-11-01,BLAINE,WA,14290.0
1250,2016-11-01,MINN./ST. PAUL,MN,10487.0
1251,2016-11-01,TAMPA,FL,10921.0
1252,2016-11-01,SAN DIEGO,CA,8014.0
1253,2016-11-01,NIAGARA FALLS,NY,7290.0
1254,2016-11-01,SANFORD,FL,4382.0
1255,2016-11-01,PEACE BRIDGE,NY,5571.0
1256,2016-11-01,SAN JUAN,PR,16614.0
1257,2016-11-01,CHAMPLAIN,NY,5262.0
1258,2016-11-01,PHOENIX,AZ,5462.0
1259,2016-11-01,PORTLAND,OR,3138.0
1260,2016-12-01,NEW YORK,NY,480142.0
1261,2016-12-01,MIAMI,FL,541345.0
1262,2016-12-01,LOS ANGELES,CA,348304.0
1263,2016-12-01,SAN FRANCISCO,CA,157247.0
1264,2016-12-01,HONOLULU,HI,194386.0
1265,2016-12-01,NEWARK,NJ,165567.0
1266,2016-12-01,ORLANDO,FL,122033.0
1267,2016-12-01,CHICAGO,IL,89401.0
1268,2016-12-01,AGANA,GU,126975.0
1269,2016-12-01,FT. LAUDERDALE,FL,113131.0
1270,2016-12-01,ATLANTA,GA,67592.0
1271,2016-12-01,WASHINGTON,DC,74072.0
1272,2016-12-01,BOSTON,MA,58459.0
1273,2016-12-01,HOUSTON,TX,99105.0
1274,2016-12-01,DALLAS,TX,66493.0
1275,2016-12-01,SEATTLE,WA,34688.0
1276,2016-12-01,LAS VEGAS,NV,35443.0
1277,2016-12-01,DETROIT,MI,28596.0
1278,2016-12-01,PHILADELPHIA,PA,26581.0
1279,2016-12-01,BLAINE,WA,17080.0
1280,2016-12-01,MINN./ST. PAUL,MN,11953.0
1281,2016-12-01,TAMPA,FL,11479.0
1282,2016-12-01,SAN DIEGO,CA,8271.0
1283,2016-12-01,NIAGARA FALLS,NY,6457.0
1284,2016-12-01,SANFORD,FL,2738.0
1285,2016-12-01,PEACE BRIDGE,NY,8676.0
1286,2016-12-01,SAN JUAN,PR,17793.0
1287,2016-12-01,CHAMPLAIN,NY,8365.0
1288,2016-12-01,PHOENIX,AZ,6830.0
1289,2016-12-01,PORTLAND,OR,3262.0
1290,2015-01-01,NEW YORK,NY,345962.0
1291,2015-01-01,MIAMI,FL,410358.0
1292,2015-01-01,LOS ANGELES,CA,278327.0
1293,2015-01-01,SAN FRANCISCO,CA,137247.0
1294,2015-01-01,HONOLULU,HI,164841.0
1295,2015-01-01,NEWARK,NJ,107570.0
1296,2015-01-01,ORLANDO,FL,99776.0
1297,2015-01-01,CHICAGO,IL,115153.0
1298,2015-01-01,AGANA,GU,103539.0
1299,2015-01-01,FT. LAUDERDALE,FL,67334.0
1300,2015-01-01,ATLANTA,GA,83072.0
1301,2015-01-01,WASHINGTON,DC,69147.0
1302,2015-01-01,BOSTON,MA,42426.0
1303,2015-01-01,HOUSTON,TX,71939.0
1304,2015-01-01,DALLAS,TX,58209.0
1305,2015-01-01,SEATTLE,WA,42310.0
1306,2015-01-01,LAS VEGAS,NV,28913.0
1307,2015-01-01,DETROIT,MI,40578.0
1308,2015-01-01,PHILADELPHIA,PA,24234.0
1309,2015-01-01,BLAINE,WA,12785.0
1310,2015-01-01,MINN./ST. PAUL,MN,10715.0
1311,2015-01-01,TAMPA,FL,6650.0
1312,2015-01-01,SAN DIEGO,CA,6988.0
1313,2015-01-01,NIAGARA FALLS,NY,2254.0
1314,2015-01-01,SANFORD,FL,2373.0
1315,2015-01-01,PEACE BRIDGE,NY,3007.0
1316,2015-01-01,SAN JUAN,PR,10146.0
1317,2015-01-01,CHAMPLAIN,NY,3641.0
1318,2015-01-01,PHOENIX,AZ,6682.0
1319,2015-01-01,PORTLAND,OR,3747.0
1320,2015-02-01,NEW YORK,NY,329040.0
1321,2015-02-01,MIAMI,FL,374218.0
1322,2015-02-01,LOS ANGELES,CA,256752.0
1323,2015-02-01,SAN FRANCISCO,CA,138033.0
1324,2015-02-01,HONOLULU,HI,169126.0
1325,2015-02-01,NEWARK,NJ,111522.0
1326,2015-02-01,ORLANDO,FL,86398.0
1327,2015-02-01,CHICAGO,IL,81908.0
1328,2015-02-01,AGANA,GU,113499.0
1329,2015-02-01,FT. LAUDERDALE,FL,60941.0
1330,2015-02-01,ATLANTA,GA,71806.0
1331,2015-02-01,WASHINGTON,DC,50615.0
1332,2015-02-01,BOSTON,MA,31317.0
1333,2015-02-01,HOUSTON,TX,59151.0
1334,2015-02-01,DALLAS,TX,45201.0
1335,2015-02-01,SEATTLE,WA,35450.0
1336,2015-02-01,LAS VEGAS,NV,28279.0
1337,2015-02-01,DETROIT,MI,27105.0
1338,2015-02-01,PHILADELPHIA,PA,21528.0
1339,2015-02-01,BLAINE,WA,15147.0
1340,2015-02-01,MINN./ST. PAUL,MN,9386.0
1341,2015-02-01,TAMPA,FL,7415.0
1342,2015-02-01,SAN DIEGO,CA,6748.0
1343,2015-02-01,NIAGARA FALLS,NY,2423.0
1344,2015-02-01,SANFORD,FL,2427.0
1345,2015-02-01,PEACE BRIDGE,NY,3165.0
1346,2015-02-01,SAN JUAN,PR,10742.0
1347,2015-02-01,CHAMPLAIN,NY,4200.0
1348,2015-02-01,PHOENIX,AZ,5989.0
1349,2015-02-01,PORTLAND,OR,3490.0
1350,2015-03-01,NEW YORK,NY,466950.0
1351,2015-03-01,MIAMI,FL,410954.0
1352,2015-03-01,LOS ANGELES,CA,304704.0
1353,2015-03-01,SAN FRANCISCO,CA,143655.0
1354,2015-03-01,HONOLULU,HI,175276.0
1355,2015-03-01,NEWARK,NJ,146421.0
1356,2015-03-01,ORLANDO,FL,109172.0
1357,2015-03-01,CHICAGO,IL,123073.0
1358,2015-03-01,AGANA,GU,119763.0
1359,2015-03-01,FT. LAUDERDALE,FL,70839.0
1360,2015-03-01,ATLANTA,GA,100000.0
1361,2015-03-01,WASHINGTON,DC,80252.0
1362,2015-03-01,BOSTON,MA,58239.0
1363,2015-03-01,HOUSTON,TX,76754.0
1364,2015-03-01,DALLAS,TX,60399.0
1365,2015-03-01,SEATTLE,WA,40304.0
1366,2015-03-01,LAS VEGAS,NV,38496.0
1367,2015-03-01,DETROIT,MI,39995.0
1368,2015-03-01,PHILADELPHIA,PA,34631.0
1369,2015-03-01,BLAINE,WA,16847.0
1370,2015-03-01,MINN./ST. PAUL,MN,10398.0
1371,2015-03-01,TAMPA,FL,10921.0
1372,2015-03-01,SAN DIEGO,CA,8886.0
1373,2015-03-01,NIAGARA FALLS,NY,5478.0
1374,2015-03-01,SANFORD,FL,4886.0
1375,2015-03-01,PEACE BRIDGE,NY,4572.0
1376,2015-03-01,SAN JUAN,PR,11727.0
1377,2015-03-01,CHAMPLAIN,NY,4462.0
1378,2015-03-01,PHOENIX,AZ,7598.0
1379,2015-03-01,PORTLAND,OR,3955.0
1380,2015-04-01,NEW YORK,NY,563297.0
1381,2015-04-01,MIAMI,FL,399938.0
1382,2015-04-01,LOS ANGELES,CA,331138.0
1383,2015-04-01,SAN FRANCISCO,CA,162869.0
1384,2015-04-01,HONOLULU,HI,150133.0
1385,2015-04-01,NEWARK,NJ,152038.0
1386,2015-04-01,ORLANDO,FL,123498.0
1387,2015-04-01,CHICAGO,IL,141067.0
1388,2015-04-01,AGANA,GU,87020.0
1389,2015-04-01,FT. LAUDERDALE,FL,71537.0
1390,2015-04-01,ATLANTA,GA,117268.0
1391,2015-04-01,WASHINGTON,DC,92218.0
1392,2015-04-01,BOSTON,MA,65448.0
1393,2015-04-01,HOUSTON,TX,72601.0
1394,2015-04-01,DALLAS,TX,65151.0
1395,2015-04-01,SEATTLE,WA,46987.0
1396,2015-04-01,LAS VEGAS,NV,49665.0
1397,2015-04-01,DETROIT,MI,45553.0
1398,2015-04-01,PHILADELPHIA,PA,33094.0
1399,2015-04-01,BLAINE,WA,20447.0
1400,2015-04-01,MINN./ST. PAUL,MN,12882.0
1401,2015-04-01,TAMPA,FL,11051.0
1402,2015-04-01,SAN DIEGO,CA,8545.0
1403,2015-04-01,NIAGARA FALLS,NY,16478.0
1404,2015-04-01,SANFORD,FL,11167.0
1405,2015-04-01,PEACE BRIDGE,NY,7720.0
1406,2015-04-01,SAN JUAN,PR,10111.0
1407,2015-04-01,CHAMPLAIN,NY,9221.0
1408,2015-04-01,PHOENIX,AZ,7446.0
1409,2015-04-01,PORTLAND,OR,3884.0
1410,2015-05-01,NEW YORK,NY,626460.0
1411,2015-05-01,MIAMI,FL,390125.0
1412,2015-05-01,LOS ANGELES,CA,364186.0
1413,2015-05-01,SAN FRANCISCO,CA,198134.0
1414,2015-05-01,HONOLULU,HI,180257.0
1415,2015-05-01,NEWARK,NJ,166464.0
1416,2015-05-01,ORLANDO,FL,132663.0
1417,2015-05-01,CHICAGO,IL,202172.0
1418,2015-05-01,AGANA,GU,85112.0
1419,2015-05-01,FT. LAUDERDALE,FL,67141.0
1420,2015-05-01,ATLANTA,GA,118352.0
1421,2015-05-01,WASHINGTON,DC,112978.0
1422,2015-05-01,BOSTON,MA,93706.0
1423,2015-05-01,HOUSTON,TX,85494.0
1424,2015-05-01,DALLAS,TX,77979.0
1425,2015-05-01,SEATTLE,WA,59401.0
1426,2015-05-01,LAS VEGAS,NV,58256.0
1427,2015-05-01,DETROIT,MI,51269.0
1428,2015-05-01,PHILADELPHIA,PA,38064.0
1429,2015-05-01,BLAINE,WA,28717.0
1430,2015-05-01,MINN./ST. PAUL,MN,15625.0
1431,2015-05-01,TAMPA,FL,9630.0
1432,2015-05-01,SAN DIEGO,CA,8082.0
1433,2015-05-01,NIAGARA FALLS,NY,32234.0
1434,2015-05-01,SANFORD,FL,16227.0
1435,2015-05-01,PEACE BRIDGE,NY,11153.0
1436,2015-05-01,SAN JUAN,PR,10535.0
1437,2015-05-01,CHAMPLAIN,NY,12893.0
1438,2015-05-01,PHOENIX,AZ,6807.0
1439,2015-05-01,PORTLAND,OR,4843.0
1440,2015-06-01,NEW YORK,NY,610819.0
1441,2015-06-01,MIAMI,FL,374840.0
1442,2015-06-01,LOS ANGELES,CA,382201.0
1443,2015-06-01,SAN FRANCISCO,CA,195135.0
1444,2015-06-01,HONOLULU,HI,177689.0
1445,2015-06-01,NEWARK,NJ,148440.0
1446,2015-06-01,ORLANDO,FL,122052.0
1447,2015-06-01,CHICAGO,IL,173895.0
1448,2015-06-01,AGANA,GU,91327.0
1449,2015-06-01,FT. LAUDERDALE,FL,66803.0
1450,2015-06-01,ATLANTA,GA,96398.0
1451,2015-06-01,WASHINGTON,DC,103617.0
1452,2015-06-01,BOSTON,MA,100827.0
1453,2015-06-01,HOUSTON,TX,74462.0
1454,2015-06-01,DALLAS,TX,68572.0
1455,2015-06-01,SEATTLE,WA,71901.0
1456,2015-06-01,LAS VEGAS,NV,51956.0
1457,2015-06-01,DETROIT,MI,48599.0
1458,2015-06-01,PHILADELPHIA,PA,39524.0
1459,2015-06-01,BLAINE,WA,25006.0
1460,2015-06-01,MINN./ST. PAUL,MN,16805.0
1461,2015-06-01,TAMPA,FL,8077.0
1462,2015-06-01,SAN DIEGO,CA,7775.0
1463,2015-06-01,NIAGARA FALLS,NY,16808.0
1464,2015-06-01,SANFORD,FL,14095.0
1465,2015-06-01,PEACE BRIDGE,NY,8384.0
1466,2015-06-01,SAN JUAN,PR,8841.0
1467,2015-06-01,CHAMPLAIN,NY,10711.0
1468,2015-06-01,PHOENIX,AZ,5331.0
1469,2015-06-01,PORTLAND,OR,7059.0
1470,2015-07-01,NEW YORK,NY,727682.0
1471,2015-07-01,MIAMI,FL,471794.0
1472,2015-07-01,LOS ANGELES,CA,464819.0
1473,2015-07-01,SAN FRANCISCO,CA,239062.0
1474,2015-07-01,HONOLULU,HI,194161.0
1475,2015-07-01,NEWARK,NJ,171457.0
1476,2015-07-01,ORLANDO,FL,181164.0
1477,2015-07-01,CHICAGO,IL,211160.0
1478,2015-07-01,AGANA,GU,103361.0
1479,2015-07-01,FT. LAUDERDALE,FL,90668.0
1480,2015-07-01,ATLANTA,GA,128613.0
1481,2015-07-01,WASHINGTON,DC,131602.0
1482,2015-07-01,BOSTON,MA,118051.0
1483,2015-07-01,HOUSTON,TX,94397.0
1484,2015-07-01,DALLAS,TX,81162.0
1485,2015-07-01,SEATTLE,WA,90920.0
1486,2015-07-01,LAS VEGAS,NV,53662.0
1487,2015-07-01,DETROIT,MI,64279.0
1488,2015-07-01,PHILADELPHIA,PA,50559.0
1489,2015-07-01,BLAINE,WA,33782.0
1490,2015-07-01,MINN./ST. PAUL,MN,24129.0
1491,2015-07-01,TAMPA,FL,12246.0
1492,2015-07-01,SAN DIEGO,CA,8263.0
1493,2015-07-01,NIAGARA FALLS,NY,21562.0
1494,2015-07-01,SANFORD,FL,15562.0
1495,2015-07-01,PEACE BRIDGE,NY,13143.0
1496,2015-07-01,SAN JUAN,PR,12327.0
1497,2015-07-01,CHAMPLAIN,NY,17758.0
1498,2015-07-01,PHOENIX,AZ,5846.0
1499,2015-07-01,PORTLAND,OR,9563.0
1500,2015-08-01,NEW YORK,NY,684017.0
1501,2015-08-01,MIAMI,FL,430239.0
1502,2015-08-01,LOS ANGELES,CA,455274.0
1503,2015-08-01,SAN FRANCISCO,CA,231223.0
1504,2015-08-01,HONOLULU,HI,213774.0
1505,2015-08-01,NEWARK,NJ,167174.0
1506,2015-08-01,ORLANDO,FL,168463.0
1507,2015-08-01,CHICAGO,IL,222699.0
1508,2015-08-01,AGANA,GU,124092.0
1509,2015-08-01,FT. LAUDERDALE,FL,85094.0
1510,2015-08-01,ATLANTA,GA,131444.0
1511,2015-08-01,WASHINGTON,DC,122436.0
1512,2015-08-01,BOSTON,MA,109904.0
1513,2015-08-01,HOUSTON,TX,88680.0
1514,2015-08-01,DALLAS,TX,83496.0
1515,2015-08-01,SEATTLE,WA,87461.0
1516,2015-08-01,LAS VEGAS,NV,54488.0
1517,2015-08-01,DETROIT,MI,65975.0
1518,2015-08-01,PHILADELPHIA,PA,53556.0
1519,2015-08-01,BLAINE,WA,32448.0
1520,2015-08-01,MINN./ST. PAUL,MN,21561.0
1521,2015-08-01,TAMPA,FL,11067.0
1522,2015-08-01,SAN DIEGO,CA,8526.0
1523,2015-08-01,NIAGARA FALLS,NY,20071.0
1524,2015-08-01,SANFORD,FL,15208.0
1525,2015-08-01,PEACE BRIDGE,NY,14166.0
1526,2015-08-01,SAN JUAN,PR,12881.0
1527,2015-08-01,CHAMPLAIN,NY,16376.0
1528,2015-08-01,PHOENIX,AZ,6868.0
1529,2015-08-01,PORTLAND,OR,8808.0
1530,2015-09-01,NEW YORK,NY,648840.0
1531,2015-09-01,MIAMI,FL,382704.0
1532,2015-09-01,LOS ANGELES,CA,436969.0
1533,2015-09-01,SAN FRANCISCO,CA,216084.0
1534,2015-09-01,HONOLULU,HI,204480.0
1535,2015-09-01,NEWARK,NJ,160845.0
1536,2015-09-01,ORLANDO,FL,135257.0
1537,2015-09-01,CHICAGO,IL,182880.0
1538,2015-09-01,AGANA,GU,110762.0
1539,2015-09-01,FT. LAUDERDALE,FL,64740.0
1540,2015-09-01,ATLANTA,GA,116367.0
1541,2015-09-01,WASHINGTON,DC,102667.0
1542,2015-09-01,BOSTON,MA,100796.0
1543,2015-09-01,HOUSTON,TX,80421.0
1544,2015-09-01,DALLAS,TX,77719.0
1545,2015-09-01,SEATTLE,WA,81575.0
1546,2015-09-01,LAS VEGAS,NV,64022.0
1547,2015-09-01,DETROIT,MI,50895.0
1548,2015-09-01,PHILADELPHIA,PA,36644.0
1549,2015-09-01,BLAINE,WA,19709.0
1550,2015-09-01,MINN./ST. PAUL,MN,17120.0
1551,2015-09-01,TAMPA,FL,10627.0
1552,2015-09-01,SAN DIEGO,CA,8407.0
1553,2015-09-01,NIAGARA FALLS,NY,15004.0
1554,2015-09-01,SANFORD,FL,13979.0
1555,2015-09-01,PEACE BRIDGE,NY,8310.0
1556,2015-09-01,SAN JUAN,PR,8020.0
1557,2015-09-01,CHAMPLAIN,NY,10037.0
1558,2015-09-01,PHOENIX,AZ,6591.0
1559,2015-09-01,PORTLAND,OR,7660.0
1560,2015-10-01,NEW YORK,NY,670300.0
1561,2015-10-01,MIAMI,FL,447425.0
1562,2015-10-01,LOS ANGELES,CA,367969.0
1563,2015-10-01,SAN FRANCISCO,CA,182382.0
1564,2015-10-01,HONOLULU,HI,191796.0
1565,2015-10-01,NEWARK,NJ,168815.0
1566,2015-10-01,ORLANDO,FL,158735.0
1567,2015-10-01,CHICAGO,IL,171299.0
1568,2015-10-01,AGANA,GU,101552.0
1569,2015-10-01,FT. LAUDERDALE,FL,73248.0
1570,2015-10-01,ATLANTA,GA,131563.0
1571,2015-10-01,WASHINGTON,DC,103307.0
1572,2015-10-01,BOSTON,MA,89739.0
1573,2015-10-01,HOUSTON,TX,96989.0
1574,2015-10-01,DALLAS,TX,77822.0
1575,2015-10-01,SEATTLE,WA,47689.0
1576,2015-10-01,LAS VEGAS,NV,54312.0
1577,2015-10-01,DETROIT,MI,48055.0
1578,2015-10-01,PHILADELPHIA,PA,37526.0
1579,2015-10-01,BLAINE,WA,16556.0
1580,2015-10-01,MINN./ST. PAUL,MN,15155.0
1581,2015-10-01,TAMPA,FL,18799.0
1582,2015-10-01,SAN DIEGO,CA,7897.0
1583,2015-10-01,NIAGARA FALLS,NY,12596.0
1584,2015-10-01,SANFORD,FL,12446.0
1585,2015-10-01,PEACE BRIDGE,NY,7754.0
1586,2015-10-01,SAN JUAN,PR,10216.0
1587,2015-10-01,CHAMPLAIN,NY,10589.0
1588,2015-10-01,PHOENIX,AZ,6981.0
1589,2015-10-01,PORTLAND,OR,4736.0
1590,2015-11-01,NEW YORK,NY,496533.0
1591,2015-11-01,MIAMI,FL,444271.0
1592,2015-11-01,LOS ANGELES,CA,290042.0
1593,2015-11-01,SAN FRANCISCO,CA,139684.0
1594,2015-11-01,HONOLULU,HI,175310.0
1595,2015-11-01,NEWARK,NJ,135784.0
1596,2015-11-01,ORLANDO,FL,110696.0
1597,2015-11-01,CHICAGO,IL,120603.0
1598,2015-11-01,AGANA,GU,111985.0
1599,2015-11-01,FT. LAUDERDALE,FL,79525.0
1600,2015-11-01,ATLANTA,GA,108914.0
1601,2015-11-01,WASHINGTON,DC,70927.0
1602,2015-11-01,BOSTON,MA,61332.0
1603,2015-11-01,HOUSTON,TX,77866.0
1604,2015-11-01,DALLAS,TX,58945.0
1605,2015-11-01,SEATTLE,WA,35271.0
1606,2015-11-01,LAS VEGAS,NV,41088.0
1607,2015-11-01,DETROIT,MI,34498.0
1608,2015-11-01,PHILADELPHIA,PA,23498.0
1609,2015-11-01,BLAINE,WA,11878.0
1610,2015-11-01,MINN./ST. PAUL,MN,11010.0
1611,2015-11-01,TAMPA,FL,13254.0
1612,2015-11-01,SAN DIEGO,CA,7919.0
1613,2015-11-01,NIAGARA FALLS,NY,4605.0
1614,2015-11-01,SANFORD,FL,3570.0
1615,2015-11-01,PEACE BRIDGE,NY,4199.0
1616,2015-11-01,SAN JUAN,PR,16378.0
1617,2015-11-01,CHAMPLAIN,NY,5186.0
1618,2015-11-01,PHOENIX,AZ,6239.0
1619,2015-11-01,PORTLAND,OR,3757.0
1620,2015-12-01,NEW YORK,NY,568190.0
1621,2015-12-01,MIAMI,FL,525524.0
1622,2015-12-01,LOS ANGELES,CA,333163.0
1623,2015-12-01,SAN FRANCISCO,CA,149253.0
1624,2015-12-01,HONOLULU,HI,193680.0
1625,2015-12-01,NEWARK,NJ,153450.0
1626,2015-12-01,ORLANDO,FL,133285.0
1627,2015-12-01,CHICAGO,IL,100455.0
1628,2015-12-01,AGANA,GU,121623.0
1629,2015-12-01,FT. LAUDERDALE,FL,106997.0
1630,2015-12-01,ATLANTA,GA,99660.0
1631,2015-12-01,WASHINGTON,DC,74800.0
1632,2015-12-01,BOSTON,MA,50715.0
1633,2015-12-01,HOUSTON,TX,99692.0
1634,2015-12-01,DALLAS,TX,63960.0
1635,2015-12-01,SEATTLE,WA,36180.0
1636,2015-12-01,LAS VEGAS,NV,32959.0
1637,2015-12-01,DETROIT,MI,32036.0
1638,2015-12-01,PHILADELPHIA,PA,34092.0
1639,2015-12-01,BLAINE,WA,17874.0
1640,2015-12-01,MINN./ST. PAUL,MN,10846.0
1641,2015-12-01,TAMPA,FL,11335.0
1642,2015-12-01,SAN DIEGO,CA,7180.0
1643,2015-12-01,NIAGARA FALLS,NY,5344.0
1644,2015-12-01,SANFORD,FL,2669.0
1645,2015-12-01,PEACE BRIDGE,NY,7924.0
1646,2015-12-01,SAN JUAN,PR,17617.0
1647,2015-12-01,CHAMPLAIN,NY,9001.0
1648,2015-12-01,PHOENIX,AZ,7051.0
1649,2015-12-01,PORTLAND,OR,3675.0
1650,2014-01-01,NEW YORK,NY,345411.0
1651,2014-01-01,MIAMI,FL,393661.0
1652,2014-01-01,LOS ANGELES,CA,270022.0
1653,2014-01-01,SAN FRANCISCO,CA,132516.0
1654,2014-01-01,HONOLULU,HI,174510.0
1655,2014-01-01,NEWARK,NJ,107410.0
1656,2014-01-01,ORLANDO,FL,85702.0
1657,2014-01-01,CHICAGO,IL,108619.0
1658,2014-01-01,AGANA,GU,107807.0
1659,2014-01-01,FT. LAUDERDALE,FL,49736.0
1660,2014-01-01,ATLANTA,GA,78171.0
1661,2014-01-01,WASHINGTON,DC,71179.0
1662,2014-01-01,BOSTON,MA,32736.0
1663,2014-01-01,HOUSTON,TX,63690.0
1664,2014-01-01,DALLAS,TX,49582.0
1665,2014-01-01,SEATTLE,WA,34246.0
1666,2014-01-01,LAS VEGAS,NV,26995.0
1667,2014-01-01,DETROIT,MI,41682.0
1668,2014-01-01,PHILADELPHIA,PA,25952.0
1669,2014-01-01,BLAINE,WA,20024.0
1670,2014-01-01,MINN./ST. PAUL,MN,11099.0
1671,2014-01-01,TAMPA,FL,6996.0
1672,2014-01-01,SAN DIEGO,CA,7067.0
1673,2014-01-01,NIAGARA FALLS,NY,6116.0
1674,2014-01-01,SANFORD,FL,3386.0
1675,2014-01-01,PEACE BRIDGE,NY,3935.0
1676,2014-01-01,SAN JUAN,PR,8824.0
1677,2014-01-01,CHAMPLAIN,NY,4594.0
1678,2014-01-01,PHOENIX,AZ,5672.0
1679,2014-01-01,PORTLAND,OR,3620.0
1680,2014-02-01,NEW YORK,NY,315748.0
1681,2014-02-01,MIAMI,FL,360441.0
1682,2014-02-01,LOS ANGELES,CA,222829.0
1683,2014-02-01,SAN FRANCISCO,CA,112416.0
1684,2014-02-01,HONOLULU,HI,166707.0
1685,2014-02-01,NEWARK,NJ,108576.0
1686,2014-02-01,ORLANDO,FL,75234.0
1687,2014-02-01,CHICAGO,IL,80503.0
1688,2014-02-01,AGANA,GU,58280.0
1689,2014-02-01,FT. LAUDERDALE,FL,40865.0
1690,2014-02-01,ATLANTA,GA,68265.0
1691,2014-02-01,WASHINGTON,DC,51165.0
1692,2014-02-01,BOSTON,MA,28451.0
1693,2014-02-01,HOUSTON,TX,56766.0
1694,2014-02-01,DALLAS,TX,36925.0
1695,2014-02-01,SEATTLE,WA,22433.0
1696,2014-02-01,LAS VEGAS,NV,27002.0
1697,2014-02-01,DETROIT,MI,27867.0
1698,2014-02-01,PHILADELPHIA,PA,24916.0
1699,2014-02-01,BLAINE,WA,18314.0
1700,2014-02-01,MINN./ST. PAUL,MN,9330.0
1701,2014-02-01,TAMPA,FL,6671.0
1702,2014-02-01,SAN DIEGO,CA,8840.0
1703,2014-02-01,NIAGARA FALLS,NY,5182.0
1704,2014-02-01,SANFORD,FL,3649.0
1705,2014-02-01,PEACE BRIDGE,NY,4082.0
1706,2014-02-01,SAN JUAN,PR,9245.0
1707,2014-02-01,CHAMPLAIN,NY,4181.0
1708,2014-02-01,PHOENIX,AZ,5323.0
1709,2014-02-01,PORTLAND,OR,2986.0
1710,2014-03-01,NEW YORK,NY,420018.0
1711,2014-03-01,MIAMI,FL,358532.0
1712,2014-03-01,LOS ANGELES,CA,255161.0
1713,2014-03-01,SAN FRANCISCO,CA,125326.0
1714,2014-03-01,HONOLULU,HI,175720.0
1715,2014-03-01,NEWARK,NJ,138588.0
1716,2014-03-01,ORLANDO,FL,79133.0
1717,2014-03-01,CHICAGO,IL,107315.0
1718,2014-03-01,AGANA,GU,114441.0
1719,2014-03-01,FT. LAUDERDALE,FL,43396.0
1720,2014-03-01,ATLANTA,GA,85131.0
1721,2014-03-01,WASHINGTON,DC,74084.0
1722,2014-03-01,BOSTON,MA,42442.0
1723,2014-03-01,HOUSTON,TX,68139.0
1724,2014-03-01,DALLAS,TX,44279.0
1725,2014-03-01,SEATTLE,WA,29847.0
1726,2014-03-01,LAS VEGAS,NV,35406.0
1727,2014-03-01,DETROIT,MI,35565.0
1728,2014-03-01,PHILADELPHIA,PA,31801.0
1729,2014-03-01,BLAINE,WA,22424.0
1730,2014-03-01,MINN./ST. PAUL,MN,9703.0
1731,2014-03-01,TAMPA,FL,7660.0
1732,2014-03-01,SAN DIEGO,CA,7270.0
1733,2014-03-01,NIAGARA FALLS,NY,8195.0
1734,2014-03-01,SANFORD,FL,4888.0
1735,2014-03-01,PEACE BRIDGE,NY,5622.0
1736,2014-03-01,SAN JUAN,PR,8316.0
1737,2014-03-01,CHAMPLAIN,NY,6356.0
1738,2014-03-01,PHOENIX,AZ,6945.0
1739,2014-03-01,PORTLAND,OR,3571.0
1740,2014-04-01,NEW YORK,NY,563526.0
1741,2014-04-01,MIAMI,FL,417847.0
1742,2014-04-01,LOS ANGELES,CA,295612.0
1743,2014-04-01,SAN FRANCISCO,CA,148466.0
1744,2014-04-01,HONOLULU,HI,151125.0
1745,2014-04-01,NEWARK,NJ,190656.0
1746,2014-04-01,ORLANDO,FL,114309.0
1747,2014-04-01,CHICAGO,IL,135742.0
1748,2014-04-01,AGANA,GU,87867.0
1749,2014-04-01,FT. LAUDERDALE,FL,59718.0
1750,2014-04-01,ATLANTA,GA,104625.0
1751,2014-04-01,WASHINGTON,DC,95036.0
1752,2014-04-01,BOSTON,MA,56837.0
1753,2014-04-01,HOUSTON,TX,80678.0
1754,2014-04-01,DALLAS,TX,55053.0
1755,2014-04-01,SEATTLE,WA,30557.0
1756,2014-04-01,LAS VEGAS,NV,44050.0
1757,2014-04-01,DETROIT,MI,42948.0
1758,2014-04-01,PHILADELPHIA,PA,47937.0
1759,2014-04-01,BLAINE,WA,25770.0
1760,2014-04-01,MINN./ST. PAUL,MN,10956.0
1761,2014-04-01,TAMPA,FL,10923.0
1762,2014-04-01,SAN DIEGO,CA,7003.0
1763,2014-04-01,NIAGARA FALLS,NY,21058.0
1764,2014-04-01,SANFORD,FL,14023.0
1765,2014-04-01,PEACE BRIDGE,NY,8638.0
1766,2014-04-01,SAN JUAN,PR,11029.0
1767,2014-04-01,CHAMPLAIN,NY,9742.0
1768,2014-04-01,PHOENIX,AZ,6755.0
1769,2014-04-01,PORTLAND,OR,4249.0
1770,2014-05-01,NEW YORK,NY,560507.0
1771,2014-05-01,MIAMI,FL,365199.0
1772,2014-05-01,LOS ANGELES,CA,311941.0
1773,2014-05-01,SAN FRANCISCO,CA,165036.0
1774,2014-05-01,HONOLULU,HI,164204.0
1775,2014-05-01,NEWARK,NJ,171411.0
1776,2014-05-01,ORLANDO,FL,103132.0
1777,2014-05-01,CHICAGO,IL,165354.0
1778,2014-05-01,AGANA,GU,77116.0
1779,2014-05-01,FT. LAUDERDALE,FL,48822.0
1780,2014-05-01,ATLANTA,GA,94915.0
1781,2014-05-01,WASHINGTON,DC,93558.0
1782,2014-05-01,BOSTON,MA,60848.0
1783,2014-05-01,HOUSTON,TX,82760.0
1784,2014-05-01,DALLAS,TX,53022.0
1785,2014-05-01,SEATTLE,WA,39105.0
1786,2014-05-01,LAS VEGAS,NV,46510.0
1787,2014-05-01,DETROIT,MI,44964.0
1788,2014-05-01,PHILADELPHIA,PA,40328.0
1789,2014-05-01,BLAINE,WA,29947.0
1790,2014-05-01,MINN./ST. PAUL,MN,14242.0
1791,2014-05-01,TAMPA,FL,7771.0
1792,2014-05-01,SAN DIEGO,CA,6846.0
1793,2014-05-01,NIAGARA FALLS,NY,31864.0
1794,2014-05-01,SANFORD,FL,16499.0
1795,2014-05-01,PEACE BRIDGE,NY,10811.0
1796,2014-05-01,SAN JUAN,PR,9508.0
1797,2014-05-01,CHAMPLAIN,NY,11543.0
1798,2014-05-01,PHOENIX,AZ,5536.0
1799,2014-05-01,PORTLAND,OR,5043.0
1800,2014-06-01,NEW YORK,NY,546262.0
1801,2014-06-01,MIAMI,FL,338064.0
1802,2014-06-01,LOS ANGELES,CA,337773.0
1803,2014-06-01,SAN FRANCISCO,CA,171319.0
1804,2014-06-01,HONOLULU,HI,176941.0
1805,2014-06-01,NEWARK,NJ,156352.0
1806,2014-06-01,ORLANDO,FL,98569.0
1807,2014-06-01,CHICAGO,IL,153516.0
1808,2014-06-01,AGANA,GU,93082.0
1809,2014-06-01,FT. LAUDERDALE,FL,51372.0
1810,2014-06-01,ATLANTA,GA,82263.0
1811,2014-06-01,WASHINGTON,DC,93731.0
1812,2014-06-01,BOSTON,MA,72821.0
1813,2014-06-01,HOUSTON,TX,68698.0
1814,2014-06-01,DALLAS,TX,50003.0
1815,2014-06-01,SEATTLE,WA,53247.0
1816,2014-06-01,LAS VEGAS,NV,44701.0
1817,2014-06-01,DETROIT,MI,43761.0
1818,2014-06-01,PHILADELPHIA,PA,42109.0
1819,2014-06-01,BLAINE,WA,32721.0
1820,2014-06-01,MINN./ST. PAUL,MN,16474.0
1821,2014-06-01,TAMPA,FL,6066.0
1822,2014-06-01,SAN DIEGO,CA,6553.0
1823,2014-06-01,NIAGARA FALLS,NY,34663.0
1824,2014-06-01,SANFORD,FL,17471.0
1825,2014-06-01,PEACE BRIDGE,NY,11919.0
1826,2014-06-01,SAN JUAN,PR,8687.0
1827,2014-06-01,CHAMPLAIN,NY,12919.0
1828,2014-06-01,PHOENIX,AZ,4239.0
1829,2014-06-01,PORTLAND,OR,6264.0
1830,2014-07-01,NEW YORK,NY,627890.0
1831,2014-07-01,MIAMI,FL,414894.0
1832,2014-07-01,LOS ANGELES,CA,381994.0
1833,2014-07-01,SAN FRANCISCO,CA,200360.0
1834,2014-07-01,HONOLULU,HI,189496.0
1835,2014-07-01,NEWARK,NJ,178225.0
1836,2014-07-01,ORLANDO,FL,130261.0
1837,2014-07-01,CHICAGO,IL,174096.0
1838,2014-07-01,AGANA,GU,99348.0
1839,2014-07-01,FT. LAUDERDALE,FL,71656.0
1840,2014-07-01,ATLANTA,GA,104457.0
1841,2014-07-01,WASHINGTON,DC,116434.0
1842,2014-07-01,BOSTON,MA,90157.0
1843,2014-07-01,HOUSTON,TX,77463.0
1844,2014-07-01,DALLAS,TX,61849.0
1845,2014-07-01,SEATTLE,WA,66197.0
1846,2014-07-01,LAS VEGAS,NV,45722.0
1847,2014-07-01,DETROIT,MI,48778.0
1848,2014-07-01,PHILADELPHIA,PA,53614.0
1849,2014-07-01,BLAINE,WA,44054.0
1850,2014-07-01,MINN./ST. PAUL,MN,22711.0
1851,2014-07-01,TAMPA,FL,9895.0
1852,2014-07-01,SAN DIEGO,CA,7246.0
1853,2014-07-01,NIAGARA FALLS,NY,47949.0
1854,2014-07-01,SANFORD,FL,20370.0
1855,2014-07-01,PEACE BRIDGE,NY,17046.0
1856,2014-07-01,SAN JUAN,PR,11210.0
1857,2014-07-01,CHAMPLAIN,NY,18190.0
1858,2014-07-01,PHOENIX,AZ,4963.0
1859,2014-07-01,PORTLAND,OR,7727.0
1860,2014-08-01,NEW YORK,NY,628706.0
1861,2014-08-01,MIAMI,FL,406747.0
1862,2014-08-01,LOS ANGELES,CA,381686.0
1863,2014-08-01,SAN FRANCISCO,CA,195096.0
1864,2014-08-01,HONOLULU,HI,212886.0
1865,2014-08-01,NEWARK,NJ,175028.0
1866,2014-08-01,ORLANDO,FL,120965.0
1867,2014-08-01,CHICAGO,IL,201301.0
1868,2014-08-01,AGANA,GU,122993.0
1869,2014-08-01,FT. LAUDERDALE,FL,74063.0
1870,2014-08-01,ATLANTA,GA,112227.0
1871,2014-08-01,WASHINGTON,DC,114457.0
1872,2014-08-01,BOSTON,MA,90774.0
1873,2014-08-01,HOUSTON,TX,81357.0
1874,2014-08-01,DALLAS,TX,67177.0
1875,2014-08-01,SEATTLE,WA,64328.0
1876,2014-08-01,LAS VEGAS,NV,49027.0
1877,2014-08-01,DETROIT,MI,56021.0
1878,2014-08-01,PHILADELPHIA,PA,61962.0
1879,2014-08-01,BLAINE,WA,53077.0
1880,2014-08-01,MINN./ST. PAUL,MN,20979.0
1881,2014-08-01,TAMPA,FL,9033.0
1882,2014-08-01,SAN DIEGO,CA,7752.0
1883,2014-08-01,NIAGARA FALLS,NY,58779.0
1884,2014-08-01,SANFORD,FL,19678.0
1885,2014-08-01,PEACE BRIDGE,NY,23302.0
1886,2014-08-01,SAN JUAN,PR,12098.0
1887,2014-08-01,CHAMPLAIN,NY,23285.0
1888,2014-08-01,PHOENIX,AZ,6222.0
1889,2014-08-01,PORTLAND,OR,6897.0
1890,2014-09-01,NEW YORK,NY,561774.0
1891,2014-09-01,MIAMI,FL,350663.0
1892,2014-09-01,LOS ANGELES,CA,356139.0
1893,2014-09-01,SAN FRANCISCO,CA,183580.0
1894,2014-09-01,HONOLULU,HI,199844.0
1895,2014-09-01,NEWARK,NJ,167685.0
1896,2014-09-01,ORLANDO,FL,96640.0
1897,2014-09-01,CHICAGO,IL,159148.0
1898,2014-09-01,AGANA,GU,85189.0
1899,2014-09-01,FT. LAUDERDALE,FL,48763.0
1900,2014-09-01,ATLANTA,GA,94680.0
1901,2014-09-01,WASHINGTON,DC,97673.0
1902,2014-09-01,BOSTON,MA,81166.0
1903,2014-09-01,HOUSTON,TX,74086.0
1904,2014-09-01,DALLAS,TX,58570.0
1905,2014-09-01,SEATTLE,WA,58170.0
1906,2014-09-01,LAS VEGAS,NV,50784.0
1907,2014-09-01,DETROIT,MI,39892.0
1908,2014-09-01,PHILADELPHIA,PA,43297.0
1909,2014-09-01,BLAINE,WA,30835.0
1910,2014-09-01,MINN./ST. PAUL,MN,14124.0
1911,2014-09-01,TAMPA,FL,7770.0
1912,2014-09-01,SAN DIEGO,CA,7148.0
1913,2014-09-01,NIAGARA FALLS,NY,41666.0
1914,2014-09-01,SANFORD,FL,19381.0
1915,2014-09-01,PEACE BRIDGE,NY,11305.0
1916,2014-09-01,SAN JUAN,PR,8552.0
1917,2014-09-01,CHAMPLAIN,NY,10944.0
1918,2014-09-01,PHOENIX,AZ,5781.0
1919,2014-09-01,PORTLAND,OR,6773.0
1920,2014-10-01,NEW YORK,NY,581371.0
1921,2014-10-01,MIAMI,FL,397846.0
1922,2014-10-01,LOS ANGELES,CA,308139.0
1923,2014-10-01,SAN FRANCISCO,CA,148071.0
1924,2014-10-01,HONOLULU,HI,188692.0
1925,2014-10-01,NEWARK,NJ,187209.0
1926,2014-10-01,ORLANDO,FL,116011.0
1927,2014-10-01,CHICAGO,IL,141783.0
1928,2014-10-01,AGANA,GU,91435.0
1929,2014-10-01,FT. LAUDERDALE,FL,63073.0
1930,2014-10-01,ATLANTA,GA,96420.0
1931,2014-10-01,WASHINGTON,DC,94553.0
1932,2014-10-01,BOSTON,MA,67778.0
1933,2014-10-01,HOUSTON,TX,79381.0
1934,2014-10-01,DALLAS,TX,57049.0
1935,2014-10-01,SEATTLE,WA,32427.0
1936,2014-10-01,LAS VEGAS,NV,50412.0
1937,2014-10-01,DETROIT,MI,39316.0
1938,2014-10-01,PHILADELPHIA,PA,42773.0
1939,2014-10-01,BLAINE,WA,24492.0
1940,2014-10-01,MINN./ST. PAUL,MN,11617.0
1941,2014-10-01,TAMPA,FL,10882.0
1942,2014-10-01,SAN DIEGO,CA,7234.0
1943,2014-10-01,NIAGARA FALLS,NY,33048.0
1944,2014-10-01,SANFORD,FL,17165.0
1945,2014-10-01,PEACE BRIDGE,NY,11604.0
1946,2014-10-01,SAN JUAN,PR,10489.0
1947,2014-10-01,CHAMPLAIN,NY,13245.0
1948,2014-10-01,PHOENIX,AZ,6517.0
1949,2014-10-01,PORTLAND,OR,4151.0
1950,2014-11-01,NEW YORK,NY,437218.0
1951,2014-11-01,MIAMI,FL,406494.0
1952,2014-11-01,LOS ANGELES,CA,251821.0
1953,2014-11-01,SAN FRANCISCO,CA,112934.0
1954,2014-11-01,HONOLULU,HI,170424.0
1955,2014-11-01,NEWARK,NJ,142981.0
1956,2014-11-01,ORLANDO,FL,88749.0
1957,2014-11-01,CHICAGO,IL,109256.0
1958,2014-11-01,AGANA,GU,83280.0
1959,2014-11-01,FT. LAUDERDALE,FL,68119.0
1960,2014-11-01,ATLANTA,GA,82011.0
1961,2014-11-01,WASHINGTON,DC,68338.0
1962,2014-11-01,BOSTON,MA,50511.0
1963,2014-11-01,HOUSTON,TX,66569.0
1964,2014-11-01,DALLAS,TX,46801.0
1965,2014-11-01,SEATTLE,WA,26927.0
1966,2014-11-01,LAS VEGAS,NV,34894.0
1967,2014-11-01,DETROIT,MI,31439.0
1968,2014-11-01,PHILADELPHIA,PA,28610.0
1969,2014-11-01,BLAINE,WA,19847.0
1970,2014-11-01,MINN./ST. PAUL,MN,8811.0
1971,2014-11-01,TAMPA,FL,9248.0
1972,2014-11-01,SAN DIEGO,CA,6126.0
1973,2014-11-01,NIAGARA FALLS,NY,9019.0
1974,2014-11-01,SANFORD,FL,5058.0
1975,2014-11-01,PEACE BRIDGE,NY,5270.0
1976,2014-11-01,SAN JUAN,PR,11099.0
1977,2014-11-01,CHAMPLAIN,NY,6127.0
1978,2014-11-01,PHOENIX,AZ,5512.0
1979,2014-11-01,PORTLAND,OR,3175.0
1980,2014-12-01,NEW YORK,NY,531422.0
1981,2014-12-01,MIAMI,FL,502925.0
1982,2014-12-01,LOS ANGELES,CA,313282.0
1983,2014-12-01,SAN FRANCISCO,CA,138719.0
1984,2014-12-01,HONOLULU,HI,185327.0
1985,2014-12-01,NEWARK,NJ,161687.0
1986,2014-12-01,ORLANDO,FL,110031.0
1987,2014-12-01,CHICAGO,IL,105495.0
1988,2014-12-01,AGANA,GU,80325.0
1989,2014-12-01,FT. LAUDERDALE,FL,96124.0
1990,2014-12-01,ATLANTA,GA,98989.0
1991,2014-12-01,WASHINGTON,DC,77947.0
1992,2014-12-01,BOSTON,MA,45717.0
1993,2014-12-01,HOUSTON,TX,87708.0
1994,2014-12-01,DALLAS,TX,62151.0
1995,2014-12-01,SEATTLE,WA,35280.0
1996,2014-12-01,LAS VEGAS,NV,28728.0
1997,2014-12-01,DETROIT,MI,37489.0
1998,2014-12-01,PHILADELPHIA,PA,36318.0
1999,2014-12-01,BLAINE,WA,24212.0
2000,2014-12-01,MINN./ST. PAUL,MN,11314.0
2001,2014-12-01,TAMPA,FL,9541.0
2002,2014-12-01,SAN DIEGO,CA,6489.0
2003,2014-12-01,NIAGARA FALLS,NY,7199.0
2004,2014-12-01,SANFORD,FL,3474.0
2005,2014-12-01,PEACE BRIDGE,NY,9384.0
2006,2014-12-01,SAN JUAN,PR,12215.0
2007,2014-12-01,CHAMPLAIN,NY,10231.0
2008,2014-12-01,PHOENIX,AZ,6406.0
2009,2014-12-01,PORTLAND,OR,3213.0
2010,2013-01-01,NEW YORK,NY,316282.0
2011,2013-01-01,MIAMI,FL,377293.0
2012,2013-01-01,LOS ANGELES,CA,234743.0
2013,2013-01-01,SAN FRANCISCO,CA,114395.0
2014,2013-01-01,HONOLULU,HI,159251.0
2015,2013-01-01,NEWARK,NJ,111760.0
2016,2013-01-01,ORLANDO,FL,76117.0
2017,2013-01-01,CHICAGO,IL,94388.0
2018,2013-01-01,AGANA,GU,108417.0
2019,2013-01-01,FT. LAUDERDALE,FL,30013.0
2020,2013-01-01,ATLANTA,GA,71055.0
2021,2013-01-01,WASHINGTON,DC,66393.0
2022,2013-01-01,BOSTON,MA,30318.0
2023,2013-01-01,HOUSTON,TX,55488.0
2024,2013-01-01,DALLAS,TX,43565.0
2025,2013-01-01,SEATTLE,WA,26860.0
2026,2013-01-01,LAS VEGAS,NV,25554.0
2027,2013-01-01,DETROIT,MI,18056.0
2028,2013-01-01,PHILADELPHIA,PA,25268.0
2029,2013-01-01,BLAINE,WA,30014.0
2030,2013-01-01,MINN./ST. PAUL,MN,9507.0
2031,2013-01-01,TAMPA,FL,4954.0
2032,2013-01-01,SAN DIEGO,CA,4561.0
2033,2013-01-01,NIAGARA FALLS,NY,8093.0
2034,2013-01-01,SANFORD,FL,6134.0
2035,2013-01-01,PEACE BRIDGE,NY,4177.0
2036,2013-01-01,SAN JUAN,PR,10385.0
2037,2013-01-01,CHAMPLAIN,NY,4793.0
2038,2013-01-01,PHOENIX,AZ,5258.0
2039,2013-01-01,PORTLAND,OR,3180.0
2040,2013-02-01,NEW YORK,NY,294422.0
2041,2013-02-01,MIAMI,FL,354902.0
2042,2013-02-01,LOS ANGELES,CA,212890.0
2043,2013-02-01,SAN FRANCISCO,CA,105003.0
2044,2013-02-01,HONOLULU,HI,166700.0
2045,2013-02-01,NEWARK,NJ,94800.0
2046,2013-02-01,ORLANDO,FL,73692.0
2047,2013-02-01,CHICAGO,IL,72854.0
2048,2013-02-01,AGANA,GU,114103.0
2049,2013-02-01,FT. LAUDERDALE,FL,28365.0
2050,2013-02-01,ATLANTA,GA,63612.0
2051,2013-02-01,WASHINGTON,DC,50348.0
2052,2013-02-01,BOSTON,MA,24586.0
2053,2013-02-01,HOUSTON,TX,49131.0
2054,2013-02-01,DALLAS,TX,35412.0
2055,2013-02-01,SEATTLE,WA,22889.0
2056,2013-02-01,LAS VEGAS,NV,26872.0
2057,2013-02-01,DETROIT,MI,19287.0
2058,2013-02-01,PHILADELPHIA,PA,27660.0
2059,2013-02-01,BLAINE,WA,32644.0
2060,2013-02-01,MINN./ST. PAUL,MN,8810.0
2061,2013-02-01,TAMPA,FL,5621.0
2062,2013-02-01,SAN DIEGO,CA,5239.0
2063,2013-02-01,NIAGARA FALLS,NY,7602.0
2064,2013-02-01,SANFORD,FL,5138.0
2065,2013-02-01,PEACE BRIDGE,NY,4830.0
2066,2013-02-01,SAN JUAN,PR,10988.0
2067,2013-02-01,CHAMPLAIN,NY,4989.0
2068,2013-02-01,PHOENIX,AZ,4796.0
2069,2013-02-01,PORTLAND,OR,2961.0
2070,2013-03-01,NEW YORK,NY,438808.0
2071,2013-03-01,MIAMI,FL,417945.0
2072,2013-03-01,LOS ANGELES,CA,252870.0
2073,2013-03-01,SAN FRANCISCO,CA,122505.0
2074,2013-03-01,HONOLULU,HI,175570.0
2075,2013-03-01,NEWARK,NJ,154146.0
2076,2013-03-01,ORLANDO,FL,93169.0
2077,2013-03-01,CHICAGO,IL,102135.0
2078,2013-03-01,AGANA,GU,127390.0
2079,2013-03-01,FT. LAUDERDALE,FL,37252.0
2080,2013-03-01,ATLANTA,GA,87998.0
2081,2013-03-01,WASHINGTON,DC,77600.0
2082,2013-03-01,BOSTON,MA,46012.0
2083,2013-03-01,HOUSTON,TX,67734.0
2084,2013-03-01,DALLAS,TX,43876.0
2085,2013-03-01,SEATTLE,WA,29018.0
2086,2013-03-01,LAS VEGAS,NV,36421.0
2087,2013-03-01,DETROIT,MI,26431.0
2088,2013-03-01,PHILADELPHIA,PA,39564.0
2089,2013-03-01,BLAINE,WA,39213.0
2090,2013-03-01,MINN./ST. PAUL,MN,9988.0
2091,2013-03-01,TAMPA,FL,8016.0
2092,2013-03-01,SAN DIEGO,CA,6413.0
2093,2013-03-01,NIAGARA FALLS,NY,13909.0
2094,2013-03-01,SANFORD,FL,11466.0
2095,2013-03-01,PEACE BRIDGE,NY,6965.0
2096,2013-03-01,SAN JUAN,PR,15567.0
2097,2013-03-01,CHAMPLAIN,NY,9461.0
2098,2013-03-01,PHOENIX,AZ,6912.0
2099,2013-03-01,PORTLAND,OR,3474.0
2100,2013-04-01,NEW YORK,NY,446565.0
2101,2013-04-01,MIAMI,FL,356917.0
2102,2013-04-01,LOS ANGELES,CA,251824.0
2103,2013-04-01,SAN FRANCISCO,CA,137018.0
2104,2013-04-01,HONOLULU,HI,147931.0
2105,2013-04-01,NEWARK,NJ,161966.0
2106,2013-04-01,ORLANDO,FL,79133.0
2107,2013-04-01,CHICAGO,IL,116161.0
2108,2013-04-01,AGANA,GU,81755.0
2109,2013-04-01,FT. LAUDERDALE,FL,31805.0
2110,2013-04-01,ATLANTA,GA,93161.0
2111,2013-04-01,WASHINGTON,DC,82930.0
2112,2013-04-01,BOSTON,MA,44028.0
2113,2013-04-01,HOUSTON,TX,62757.0
2114,2013-04-01,DALLAS,TX,44388.0
2115,2013-04-01,SEATTLE,WA,24198.0
2116,2013-04-01,LAS VEGAS,NV,39650.0
2117,2013-04-01,DETROIT,MI,26169.0
2118,2013-04-01,PHILADELPHIA,PA,35503.0
2119,2013-04-01,BLAINE,WA,34031.0
2120,2013-04-01,MINN./ST. PAUL,MN,12135.0
2121,2013-04-01,TAMPA,FL,7344.0
2122,2013-04-01,SAN DIEGO,CA,4550.0
2123,2013-04-01,NIAGARA FALLS,NY,17057.0
2124,2013-04-01,SANFORD,FL,21142.0
2125,2013-04-01,PEACE BRIDGE,NY,6080.0
2126,2013-04-01,SAN JUAN,PR,9755.0
2127,2013-04-01,CHAMPLAIN,NY,7338.0
2128,2013-04-01,PHOENIX,AZ,6359.0
2129,2013-04-01,PORTLAND,OR,4151.0
2130,2013-05-01,NEW YORK,NY,499233.0
2131,2013-05-01,MIAMI,FL,356783.0
2132,2013-05-01,LOS ANGELES,CA,278490.0
2133,2013-05-01,SAN FRANCISCO,CA,157841.0
2134,2013-05-01,HONOLULU,HI,159997.0
2135,2013-05-01,NEWARK,NJ,171096.0
2136,2013-05-01,ORLANDO,FL,88871.0
2137,2013-05-01,CHICAGO,IL,148615.0
2138,2013-05-01,AGANA,GU,79093.0
2139,2013-05-01,FT. LAUDERDALE,FL,35790.0
2140,2013-05-01,ATLANTA,GA,94819.0
2141,2013-05-01,WASHINGTON,DC,89758.0
2142,2013-05-01,BOSTON,MA,50610.0
2143,2013-05-01,HOUSTON,TX,68700.0
2144,2013-05-01,DALLAS,TX,53029.0
2145,2013-05-01,SEATTLE,WA,34445.0
2146,2013-05-01,LAS VEGAS,NV,42507.0
2147,2013-05-01,DETROIT,MI,39874.0
2148,2013-05-01,PHILADELPHIA,PA,42912.0
2149,2013-05-01,BLAINE,WA,38344.0
2150,2013-05-01,MINN./ST. PAUL,MN,13696.0
2151,2013-05-01,TAMPA,FL,6760.0
2152,2013-05-01,SAN DIEGO,CA,5088.0
2153,2013-05-01,NIAGARA FALLS,NY,30009.0
2154,2013-05-01,SANFORD,FL,23931.0
2155,2013-05-01,PEACE BRIDGE,NY,9653.0
2156,2013-05-01,SAN JUAN,PR,7370.0
2157,2013-05-01,CHAMPLAIN,NY,11826.0
2158,2013-05-01,PHOENIX,AZ,5923.0
2159,2013-05-01,PORTLAND,OR,4289.0
2160,2013-06-01,NEW YORK,NY,513701.0
2161,2013-06-01,MIAMI,FL,351131.0
2162,2013-06-01,LOS ANGELES,CA,311664.0
2163,2013-06-01,SAN FRANCISCO,CA,165458.0
2164,2013-06-01,HONOLULU,HI,170443.0
2165,2013-06-01,NEWARK,NJ,152560.0
2166,2013-06-01,ORLANDO,FL,84248.0
2167,2013-06-01,CHICAGO,IL,143794.0
2168,2013-06-01,AGANA,GU,91006.0
2169,2013-06-01,FT. LAUDERDALE,FL,38679.0
2170,2013-06-01,ATLANTA,GA,84114.0
2171,2013-06-01,WASHINGTON,DC,91725.0
2172,2013-06-01,BOSTON,MA,66583.0
2173,2013-06-01,HOUSTON,TX,61011.0
2174,2013-06-01,DALLAS,TX,49537.0
2175,2013-06-01,SEATTLE,WA,51187.0
2176,2013-06-01,LAS VEGAS,NV,42812.0
2177,2013-06-01,DETROIT,MI,43389.0
2178,2013-06-01,PHILADELPHIA,PA,42701.0
2179,2013-06-01,BLAINE,WA,47345.0
2180,2013-06-01,MINN./ST. PAUL,MN,15885.0
2181,2013-06-01,TAMPA,FL,5646.0
2182,2013-06-01,SAN DIEGO,CA,5897.0
2183,2013-06-01,NIAGARA FALLS,NY,38278.0
2184,2013-06-01,SANFORD,FL,26039.0
2185,2013-06-01,PEACE BRIDGE,NY,12285.0
2186,2013-06-01,SAN JUAN,PR,8407.0
2187,2013-06-01,CHAMPLAIN,NY,14600.0
2188,2013-06-01,PHOENIX,AZ,4810.0
2189,2013-06-01,PORTLAND,OR,6268.0
2190,2013-07-01,NEW YORK,NY,566339.0
2191,2013-07-01,MIAMI,FL,412296.0
2192,2013-07-01,LOS ANGELES,CA,345276.0
2193,2013-07-01,SAN FRANCISCO,CA,189959.0
2194,2013-07-01,HONOLULU,HI,184829.0
2195,2013-07-01,NEWARK,NJ,168994.0
2196,2013-07-01,ORLANDO,FL,106198.0
2197,2013-07-01,CHICAGO,IL,155945.0
2198,2013-07-01,AGANA,GU,101724.0
2199,2013-07-01,FT. LAUDERDALE,FL,51514.0
2200,2013-07-01,ATLANTA,GA,98621.0
2201,2013-07-01,WASHINGTON,DC,101858.0
2202,2013-07-01,BOSTON,MA,76809.0
2203,2013-07-01,HOUSTON,TX,73612.0
2204,2013-07-01,DALLAS,TX,54397.0
2205,2013-07-01,SEATTLE,WA,60667.0
2206,2013-07-01,LAS VEGAS,NV,43953.0
2207,2013-07-01,DETROIT,MI,53197.0
2208,2013-07-01,PHILADELPHIA,PA,50551.0
2209,2013-07-01,BLAINE,WA,55467.0
2210,2013-07-01,MINN./ST. PAUL,MN,20375.0
2211,2013-07-01,TAMPA,FL,8322.0
2212,2013-07-01,SAN DIEGO,CA,7107.0
2213,2013-07-01,NIAGARA FALLS,NY,51581.0
2214,2013-07-01,SANFORD,FL,31684.0
2215,2013-07-01,PEACE BRIDGE,NY,15522.0
2216,2013-07-01,SAN JUAN,PR,12700.0
2217,2013-07-01,CHAMPLAIN,NY,18701.0
2218,2013-07-01,PHOENIX,AZ,5142.0
2219,2013-07-01,PORTLAND,OR,7326.0
2220,2013-08-01,NEW YORK,NY,568376.0
2221,2013-08-01,MIAMI,FL,396558.0
2222,2013-08-01,LOS ANGELES,CA,349298.0
2223,2013-08-01,SAN FRANCISCO,CA,188131.0
2224,2013-08-01,HONOLULU,HI,216893.0
2225,2013-08-01,NEWARK,NJ,166639.0
2226,2013-08-01,ORLANDO,FL,99917.0
2227,2013-08-01,CHICAGO,IL,177556.0
2228,2013-08-01,AGANA,GU,125902.0
2229,2013-08-01,FT. LAUDERDALE,FL,53418.0
2230,2013-08-01,ATLANTA,GA,108400.0
2231,2013-08-01,WASHINGTON,DC,111270.0
2232,2013-08-01,BOSTON,MA,80412.0
2233,2013-08-01,HOUSTON,TX,69506.0
2234,2013-08-01,DALLAS,TX,59209.0
2235,2013-08-01,SEATTLE,WA,61216.0
2236,2013-08-01,LAS VEGAS,NV,44567.0
2237,2013-08-01,DETROIT,MI,58560.0
2238,2013-08-01,PHILADELPHIA,PA,57922.0
2239,2013-08-01,BLAINE,WA,62127.0
2240,2013-08-01,MINN./ST. PAUL,MN,19734.0
2241,2013-08-01,TAMPA,FL,8456.0
2242,2013-08-01,SAN DIEGO,CA,7700.0
2243,2013-08-01,NIAGARA FALLS,NY,59706.0
2244,2013-08-01,SANFORD,FL,27404.0
2245,2013-08-01,PEACE BRIDGE,NY,20281.0
2246,2013-08-01,SAN JUAN,PR,14734.0
2247,2013-08-01,CHAMPLAIN,NY,21394.0
2248,2013-08-01,PHOENIX,AZ,5959.0
2249,2013-08-01,PORTLAND,OR,7389.0
2250,2013-09-01,NEW YORK,NY,513551.0
2251,2013-09-01,MIAMI,FL,352356.0
2252,2013-09-01,LOS ANGELES,CA,332917.0
2253,2013-09-01,SAN FRANCISCO,CA,181210.0
2254,2013-09-01,HONOLULU,HI,199430.0
2255,2013-09-01,NEWARK,NJ,159536.0
2256,2013-09-01,ORLANDO,FL,88489.0
2257,2013-09-01,CHICAGO,IL,148068.0
2258,2013-09-01,AGANA,GU,101225.0
2259,2013-09-01,FT. LAUDERDALE,FL,35753.0
2260,2013-09-01,ATLANTA,GA,92184.0
2261,2013-09-01,WASHINGTON,DC,86388.0
2262,2013-09-01,BOSTON,MA,68608.0
2263,2013-09-01,HOUSTON,TX,68061.0
2264,2013-09-01,DALLAS,TX,55115.0
2265,2013-09-01,SEATTLE,WA,55355.0
2266,2013-09-01,LAS VEGAS,NV,45676.0
2267,2013-09-01,DETROIT,MI,45441.0
2268,2013-09-01,PHILADELPHIA,PA,43594.0
2269,2013-09-01,BLAINE,WA,32355.0
2270,2013-09-01,MINN./ST. PAUL,MN,14955.0
2271,2013-09-01,TAMPA,FL,6619.0
2272,2013-09-01,SAN DIEGO,CA,6936.0
2273,2013-09-01,NIAGARA FALLS,NY,39079.0
2274,2013-09-01,SANFORD,FL,22597.0
2275,2013-09-01,PEACE BRIDGE,NY,10561.0
2276,2013-09-01,SAN JUAN,PR,10014.0
2277,2013-09-01,CHAMPLAIN,NY,10663.0
2278,2013-09-01,PHOENIX,AZ,5681.0
2279,2013-09-01,PORTLAND,OR,6852.0
2280,2013-10-01,NEW YORK,NY,540644.0
2281,2013-10-01,MIAMI,FL,404230.0
2282,2013-10-01,LOS ANGELES,CA,271975.0
2283,2013-10-01,SAN FRANCISCO,CA,148250.0
2284,2013-10-01,HONOLULU,HI,192057.0
2285,2013-10-01,NEWARK,NJ,179101.0
2286,2013-10-01,ORLANDO,FL,99571.0
2287,2013-10-01,CHICAGO,IL,135849.0
2288,2013-10-01,AGANA,GU,94557.0
2289,2013-10-01,FT. LAUDERDALE,FL,41498.0
2290,2013-10-01,ATLANTA,GA,96630.0
2291,2013-10-01,WASHINGTON,DC,96487.0
2292,2013-10-01,BOSTON,MA,65801.0
2293,2013-10-01,HOUSTON,TX,73173.0
2294,2013-10-01,DALLAS,TX,53605.0
2295,2013-10-01,SEATTLE,WA,28250.0
2296,2013-10-01,LAS VEGAS,NV,40598.0
2297,2013-10-01,DETROIT,MI,44971.0
2298,2013-10-01,PHILADELPHIA,PA,42101.0
2299,2013-10-01,BLAINE,WA,26777.0
2300,2013-10-01,MINN./ST. PAUL,MN,13290.0
2301,2013-10-01,TAMPA,FL,8776.0
2302,2013-10-01,SAN DIEGO,CA,6448.0
2303,2013-10-01,NIAGARA FALLS,NY,31422.0
2304,2013-10-01,SANFORD,FL,18850.0
2305,2013-10-01,PEACE BRIDGE,NY,10106.0
2306,2013-10-01,SAN JUAN,PR,12633.0
2307,2013-10-01,CHAMPLAIN,NY,13056.0
2308,2013-10-01,PHOENIX,AZ,6163.0
2309,2013-10-01,PORTLAND,OR,4270.0
2310,2013-11-01,NEW YORK,NY,416978.0
2311,2013-11-01,MIAMI,FL,419584.0
2312,2013-11-01,LOS ANGELES,CA,228873.0
2313,2013-11-01,SAN FRANCISCO,CA,106265.0
2314,2013-11-01,HONOLULU,HI,169084.0
2315,2013-11-01,NEWARK,NJ,131109.0
2316,2013-11-01,ORLANDO,FL,82480.0
2317,2013-11-01,CHICAGO,IL,101322.0
2318,2013-11-01,AGANA,GU,97956.0
2319,2013-11-01,FT. LAUDERDALE,FL,49411.0
2320,2013-11-01,ATLANTA,GA,82615.0
2321,2013-11-01,WASHINGTON,DC,65938.0
2322,2013-11-01,BOSTON,MA,38545.0
2323,2013-11-01,HOUSTON,TX,68621.0
2324,2013-11-01,DALLAS,TX,46704.0
2325,2013-11-01,SEATTLE,WA,20411.0
2326,2013-11-01,LAS VEGAS,NV,29954.0
2327,2013-11-01,DETROIT,MI,32516.0
2328,2013-11-01,PHILADELPHIA,PA,29714.0
2329,2013-11-01,BLAINE,WA,24047.0
2330,2013-11-01,MINN./ST. PAUL,MN,8856.0
2331,2013-11-01,TAMPA,FL,7166.0
2332,2013-11-01,SAN DIEGO,CA,6303.0
2333,2013-11-01,NIAGARA FALLS,NY,10943.0
2334,2013-11-01,SANFORD,FL,5701.0
2335,2013-11-01,PEACE BRIDGE,NY,6499.0
2336,2013-11-01,SAN JUAN,PR,17420.0
2337,2013-11-01,CHAMPLAIN,NY,6877.0
2338,2013-11-01,PHOENIX,AZ,4860.0
2339,2013-11-01,PORTLAND,OR,2616.0
2340,2013-12-01,NEW YORK,NY,520699.0
2341,2013-12-01,MIAMI,FL,496636.0
2342,2013-12-01,LOS ANGELES,CA,286414.0
2343,2013-12-01,SAN FRANCISCO,CA,126107.0
2344,2013-12-01,HONOLULU,HI,187434.0
2345,2013-12-01,NEWARK,NJ,156204.0
2346,2013-12-01,ORLANDO,FL,95709.0
2347,2013-12-01,CHICAGO,IL,111782.0
2348,2013-12-01,AGANA,GU,108943.0
2349,2013-12-01,FT. LAUDERDALE,FL,73245.0
2350,2013-12-01,ATLANTA,GA,103795.0
2351,2013-12-01,WASHINGTON,DC,85497.0
2352,2013-12-01,BOSTON,MA,41182.0
2353,2013-12-01,HOUSTON,TX,83314.0
2354,2013-12-01,DALLAS,TX,53169.0
2355,2013-12-01,SEATTLE,WA,28474.0
2356,2013-12-01,LAS VEGAS,NV,27126.0
2357,2013-12-01,DETROIT,MI,41447.0
2358,2013-12-01,PHILADELPHIA,PA,37237.0
2359,2013-12-01,BLAINE,WA,31166.0
2360,2013-12-01,MINN./ST. PAUL,MN,11896.0
2361,2013-12-01,TAMPA,FL,8224.0
2362,2013-12-01,SAN DIEGO,CA,6667.0
2363,2013-12-01,NIAGARA FALLS,NY,12295.0
2364,2013-12-01,SANFORD,FL,3839.0
2365,2013-12-01,PEACE BRIDGE,NY,10358.0
2366,2013-12-01,SAN JUAN,PR,13899.0
2367,2013-12-01,CHAMPLAIN,NY,12288.0
2368,2013-12-01,PHOENIX,AZ,6105.0
2369,2013-12-01,PORTLAND,OR,3499.0
2370,2012-01-01,NEW YORK,NY,279630.0
2371,2012-01-01,MIAMI,FL,313799.0
2372,2012-01-01,LOS ANGELES,CA,216841.0
2373,2012-01-01,SAN FRANCISCO,CA,113147.0
2374,2012-01-01,HONOLULU,HI,151626.0
2375,2012-01-01,NEWARK,NJ,99740.0
2376,2012-01-01,ORLANDO,FL,61277.0
2377,2012-01-01,CHICAGO,IL,91132.0
2378,2012-01-01,AGANA,GU,106716.0
2379,2012-01-01,FT. LAUDERDALE,FL,28290.0
2380,2012-01-01,ATLANTA,GA,67666.0
2381,2012-01-01,WASHINGTON,DC,61694.0
2382,2012-01-01,BOSTON,MA,27271.0
2383,2012-01-01,HOUSTON,TX,50532.0
2384,2012-01-01,DALLAS,TX,35864.0
2385,2012-01-01,SEATTLE,WA,24775.0
2386,2012-01-01,LAS VEGAS,NV,21435.0
2387,2012-01-01,DETROIT,MI,16752.0
2388,2012-01-01,PHILADELPHIA,PA,22696.0
2389,2012-01-01,BLAINE,WA,24638.0
2390,2012-01-01,MINN./ST. PAUL,MN,9434.0
2391,2012-01-01,TAMPA,FL,4315.0
2392,2012-01-01,SAN DIEGO,CA,3735.0
2393,2012-01-01,NIAGARA FALLS,NY,7229.0
2394,2012-01-01,SANFORD,FL,5306.0
2395,2012-01-01,PEACE BRIDGE,NY,4532.0
2396,2012-01-01,SAN JUAN,PR,9049.0
2397,2012-01-01,CHAMPLAIN,NY,4028.0
2398,2012-01-01,PHOENIX,AZ,4717.0
2399,2012-01-01,PORTLAND,OR,3376.0
2400,2012-02-01,NEW YORK,NY,276058.0
2401,2012-02-01,MIAMI,FL,300454.0
2402,2012-02-01,LOS ANGELES,CA,178001.0
2403,2012-02-01,SAN FRANCISCO,CA,91421.0
2404,2012-02-01,HONOLULU,HI,145069.0
2405,2012-02-01,NEWARK,NJ,105430.0
2406,2012-02-01,ORLANDO,FL,67449.0
2407,2012-02-01,CHICAGO,IL,68289.0
2408,2012-02-01,AGANA,GU,99711.0
2409,2012-02-01,FT. LAUDERDALE,FL,25263.0
2410,2012-02-01,ATLANTA,GA,58109.0
2411,2012-02-01,WASHINGTON,DC,46591.0
2412,2012-02-01,BOSTON,MA,26225.0
2413,2012-02-01,HOUSTON,TX,42791.0
2414,2012-02-01,DALLAS,TX,32578.0
2415,2012-02-01,SEATTLE,WA,17918.0
2416,2012-02-01,LAS VEGAS,NV,22652.0
2417,2012-02-01,DETROIT,MI,16770.0
2418,2012-02-01,PHILADELPHIA,PA,23803.0
2419,2012-02-01,BLAINE,WA,24907.0
2420,2012-02-01,MINN./ST. PAUL,MN,7938.0
2421,2012-02-01,TAMPA,FL,5950.0
2422,2012-02-01,SAN DIEGO,CA,4125.0
2423,2012-02-01,NIAGARA FALLS,NY,7591.0
2424,2012-02-01,SANFORD,FL,4622.0
2425,2012-02-01,PEACE BRIDGE,NY,4817.0
2426,2012-02-01,SAN JUAN,PR,9330.0
2427,2012-02-01,CHAMPLAIN,NY,5023.0
2428,2012-02-01,PHOENIX,AZ,4597.0
2429,2012-02-01,PORTLAND,OR,2498.0
2430,2012-03-01,NEW YORK,NY,374308.0
2431,2012-03-01,MIAMI,FL,336877.0
2432,2012-03-01,LOS ANGELES,CA,219754.0
2433,2012-03-01,SAN FRANCISCO,CA,109884.0
2434,2012-03-01,HONOLULU,HI,156165.0
2435,2012-03-01,NEWARK,NJ,144598.0
2436,2012-03-01,ORLANDO,FL,86284.0
2437,2012-03-01,CHICAGO,IL,98827.0
2438,2012-03-01,AGANA,GU,114896.0
2439,2012-03-01,FT. LAUDERDALE,FL,30417.0
2440,2012-03-01,ATLANTA,GA,74832.0
2441,2012-03-01,WASHINGTON,DC,72446.0
2442,2012-03-01,BOSTON,MA,37945.0
2443,2012-03-01,HOUSTON,TX,53845.0
2444,2012-03-01,DALLAS,TX,36544.0
2445,2012-03-01,SEATTLE,WA,26826.0
2446,2012-03-01,LAS VEGAS,NV,30991.0
2447,2012-03-01,DETROIT,MI,21205.0
2448,2012-03-01,PHILADELPHIA,PA,34961.0
2449,2012-03-01,BLAINE,WA,31232.0
2450,2012-03-01,MINN./ST. PAUL,MN,8558.0
2451,2012-03-01,TAMPA,FL,6299.0
2452,2012-03-01,SAN DIEGO,CA,5302.0
2453,2012-03-01,NIAGARA FALLS,NY,11503.0
2454,2012-03-01,SANFORD,FL,11733.0
2455,2012-03-01,PEACE BRIDGE,NY,5986.0
2456,2012-03-01,SAN JUAN,PR,11023.0
2457,2012-03-01,CHAMPLAIN,NY,6083.0
2458,2012-03-01,PHOENIX,AZ,6132.0
2459,2012-03-01,PORTLAND,OR,2786.0
2460,2012-04-01,NEW YORK,NY,439526.0
2461,2012-04-01,MIAMI,FL,322234.0
2462,2012-04-01,LOS ANGELES,CA,230293.0
2463,2012-04-01,SAN FRANCISCO,CA,123750.0
2464,2012-04-01,HONOLULU,HI,133748.0
2465,2012-04-01,NEWARK,NJ,162886.0
2466,2012-04-01,ORLANDO,FL,81921.0
2467,2012-04-01,CHICAGO,IL,105851.0
2468,2012-04-01,AGANA,GU,77942.0
2469,2012-04-01,FT. LAUDERDALE,FL,32402.0
2470,2012-04-01,ATLANTA,GA,81608.0
2471,2012-04-01,WASHINGTON,DC,78452.0
2472,2012-04-01,BOSTON,MA,42573.0
2473,2012-04-01,HOUSTON,TX,62203.0
2474,2012-04-01,DALLAS,TX,42616.0
2475,2012-04-01,SEATTLE,WA,22191.0
2476,2012-04-01,LAS VEGAS,NV,31735.0
2477,2012-04-01,DETROIT,MI,22279.0
2478,2012-04-01,PHILADELPHIA,PA,38120.0
2479,2012-04-01,BLAINE,WA,34514.0
2480,2012-04-01,MINN./ST. PAUL,MN,11055.0
2481,2012-04-01,TAMPA,FL,6573.0
2482,2012-04-01,SAN DIEGO,CA,3995.0
2483,2012-04-01,NIAGARA FALLS,NY,19098.0
2484,2012-04-01,SANFORD,FL,21546.0
2485,2012-04-01,PEACE BRIDGE,NY,7423.0
2486,2012-04-01,SAN JUAN,PR,12795.0
2487,2012-04-01,CHAMPLAIN,NY,9153.0
2488,2012-04-01,PHOENIX,AZ,6256.0
2489,2012-04-01,PORTLAND,OR,3666.0
2490,2012-05-01,NEW YORK,NY,439141.0
2491,2012-05-01,MIAMI,FL,296466.0
2492,2012-05-01,LOS ANGELES,CA,246619.0
2493,2012-05-01,SAN FRANCISCO,CA,142717.0
2494,2012-05-01,HONOLULU,HI,142994.0
2495,2012-05-01,NEWARK,NJ,157741.0
2496,2012-05-01,ORLANDO,FL,82531.0
2497,2012-05-01,CHICAGO,IL,124887.0
2498,2012-05-01,AGANA,GU,71114.0
2499,2012-05-01,FT. LAUDERDALE,FL,29804.0
2500,2012-05-01,ATLANTA,GA,82973.0
2501,2012-05-01,WASHINGTON,DC,84398.0
2502,2012-05-01,BOSTON,MA,49864.0
2503,2012-05-01,HOUSTON,TX,57499.0
2504,2012-05-01,DALLAS,TX,44649.0
2505,2012-05-01,SEATTLE,WA,28927.0
2506,2012-05-01,LAS VEGAS,NV,37599.0
2507,2012-05-01,DETROIT,MI,25106.0
2508,2012-05-01,PHILADELPHIA,PA,39893.0
2509,2012-05-01,BLAINE,WA,39013.0
2510,2012-05-01,MINN./ST. PAUL,MN,12993.0
2511,2012-05-01,TAMPA,FL,5906.0
2512,2012-05-01,SAN DIEGO,CA,4203.0
2513,2012-05-01,NIAGARA FALLS,NY,28708.0
2514,2012-05-01,SANFORD,FL,25588.0
2515,2012-05-01,PEACE BRIDGE,NY,8909.0
2516,2012-05-01,SAN JUAN,PR,8650.0
2517,2012-05-01,CHAMPLAIN,NY,10154.0
2518,2012-05-01,PHOENIX,AZ,5353.0
2519,2012-05-01,PORTLAND,OR,3952.0
2520,2012-06-01,NEW YORK,NY,473990.0
2521,2012-06-01,MIAMI,FL,307469.0
2522,2012-06-01,LOS ANGELES,CA,283847.0
2523,2012-06-01,SAN FRANCISCO,CA,150353.0
2524,2012-06-01,HONOLULU,HI,156655.0
2525,2012-06-01,NEWARK,NJ,149607.0
2526,2012-06-01,ORLANDO,FL,81774.0
2527,2012-06-01,CHICAGO,IL,123493.0
2528,2012-06-01,AGANA,GU,84969.0
2529,2012-06-01,FT. LAUDERDALE,FL,34454.0
2530,2012-06-01,ATLANTA,GA,78777.0
2531,2012-06-01,WASHINGTON,DC,87285.0
2532,2012-06-01,BOSTON,MA,65303.0
2533,2012-06-01,HOUSTON,TX,54880.0
2534,2012-06-01,DALLAS,TX,40855.0
2535,2012-06-01,SEATTLE,WA,39260.0
2536,2012-06-01,LAS VEGAS,NV,37101.0
2537,2012-06-01,DETROIT,MI,27911.0
2538,2012-06-01,PHILADELPHIA,PA,41053.0
2539,2012-06-01,BLAINE,WA,40424.0
2540,2012-06-01,MINN./ST. PAUL,MN,13230.0
2541,2012-06-01,TAMPA,FL,5561.0
2542,2012-06-01,SAN DIEGO,CA,3841.0
2543,2012-06-01,NIAGARA FALLS,NY,30885.0
2544,2012-06-01,SANFORD,FL,28989.0
2545,2012-06-01,PEACE BRIDGE,NY,10325.0
2546,2012-06-01,SAN JUAN,PR,9075.0
2547,2012-06-01,CHAMPLAIN,NY,11887.0
2548,2012-06-01,PHOENIX,AZ,4542.0
2549,2012-06-01,PORTLAND,OR,5723.0
2550,2012-07-01,NEW YORK,NY,489899.0
2551,2012-07-01,MIAMI,FL,327752.0
2552,2012-07-01,LOS ANGELES,CA,281890.0
2553,2012-07-01,SAN FRANCISCO,CA,160549.0
2554,2012-07-01,HONOLULU,HI,173298.0
2555,2012-07-01,NEWARK,NJ,146863.0
2556,2012-07-01,ORLANDO,FL,96803.0
2557,2012-07-01,CHICAGO,IL,120455.0
2558,2012-07-01,AGANA,GU,101087.0
2559,2012-07-01,FT. LAUDERDALE,FL,31224.0
2560,2012-07-01,ATLANTA,GA,82991.0
2561,2012-07-01,WASHINGTON,DC,84544.0
2562,2012-07-01,BOSTON,MA,70737.0
2563,2012-07-01,HOUSTON,TX,50829.0
2564,2012-07-01,DALLAS,TX,40001.0
2565,2012-07-01,SEATTLE,WA,40892.0
2566,2012-07-01,LAS VEGAS,NV,40089.0
2567,2012-07-01,DETROIT,MI,31651.0
2568,2012-07-01,PHILADELPHIA,PA,46488.0
2569,2012-07-01,BLAINE,WA,47190.0
2570,2012-07-01,MINN./ST. PAUL,MN,15043.0
2571,2012-07-01,TAMPA,FL,7886.0
2572,2012-07-01,SAN DIEGO,CA,4392.0
2573,2012-07-01,NIAGARA FALLS,NY,44953.0
2574,2012-07-01,SANFORD,FL,32143.0
2575,2012-07-01,PEACE BRIDGE,NY,13707.0
2576,2012-07-01,SAN JUAN,PR,13570.0
2577,2012-07-01,CHAMPLAIN,NY,14276.0
2578,2012-07-01,PHOENIX,AZ,5001.0
2579,2012-07-01,PORTLAND,OR,6218.0
2580,2012-08-01,NEW YORK,NY,518334.0
2581,2012-08-01,MIAMI,FL,346779.0
2582,2012-08-01,LOS ANGELES,CA,302502.0
2583,2012-08-01,SAN FRANCISCO,CA,171420.0
2584,2012-08-01,HONOLULU,HI,199207.0
2585,2012-08-01,NEWARK,NJ,154824.0
2586,2012-08-01,ORLANDO,FL,93596.0
2587,2012-08-01,CHICAGO,IL,150274.0
2588,2012-08-01,AGANA,GU,124153.0
2589,2012-08-01,FT. LAUDERDALE,FL,47469.0
2590,2012-08-01,ATLANTA,GA,93089.0
2591,2012-08-01,WASHINGTON,DC,97199.0
2592,2012-08-01,BOSTON,MA,74391.0
2593,2012-08-01,HOUSTON,TX,60518.0
2594,2012-08-01,DALLAS,TX,49249.0
2595,2012-08-01,SEATTLE,WA,52854.0
2596,2012-08-01,LAS VEGAS,NV,42006.0
2597,2012-08-01,DETROIT,MI,31516.0
2598,2012-08-01,PHILADELPHIA,PA,52872.0
2599,2012-08-01,BLAINE,WA,54737.0
2600,2012-08-01,MINN./ST. PAUL,MN,16324.0
2601,2012-08-01,TAMPA,FL,7667.0
2602,2012-08-01,SAN DIEGO,CA,4551.0
2603,2012-08-01,NIAGARA FALLS,NY,54206.0
2604,2012-08-01,SANFORD,FL,31647.0
2605,2012-08-01,PEACE BRIDGE,NY,18250.0
2606,2012-08-01,SAN JUAN,PR,16982.0
2607,2012-08-01,CHAMPLAIN,NY,18168.0
2608,2012-08-01,PHOENIX,AZ,5579.0
2609,2012-08-01,PORTLAND,OR,6843.0
2610,2012-09-01,NEW YORK,NY,464837.0
2611,2012-09-01,MIAMI,FL,320781.0
2612,2012-09-01,LOS ANGELES,CA,296245.0
2613,2012-09-01,SAN FRANCISCO,CA,166948.0
2614,2012-09-01,HONOLULU,HI,180849.0
2615,2012-09-01,NEWARK,NJ,156662.0
2616,2012-09-01,ORLANDO,FL,78920.0
2617,2012-09-01,CHICAGO,IL,133589.0
2618,2012-09-01,AGANA,GU,96677.0
2619,2012-09-01,FT. LAUDERDALE,FL,30181.0
2620,2012-09-01,ATLANTA,GA,88271.0
2621,2012-09-01,WASHINGTON,DC,82755.0
2622,2012-09-01,BOSTON,MA,65064.0
2623,2012-09-01,HOUSTON,TX,59131.0
2624,2012-09-01,DALLAS,TX,50022.0
2625,2012-09-01,SEATTLE,WA,48993.0
2626,2012-09-01,LAS VEGAS,NV,42437.0
2627,2012-09-01,DETROIT,MI,30081.0
2628,2012-09-01,PHILADELPHIA,PA,44569.0
2629,2012-09-01,BLAINE,WA,40832.0
2630,2012-09-01,MINN./ST. PAUL,MN,14361.0
2631,2012-09-01,TAMPA,FL,6758.0
2632,2012-09-01,SAN DIEGO,CA,4100.0
2633,2012-09-01,NIAGARA FALLS,NY,37796.0
2634,2012-09-01,SANFORD,FL,26766.0
2635,2012-09-01,PEACE BRIDGE,NY,11098.0
2636,2012-09-01,SAN JUAN,PR,10026.0
2637,2012-09-01,CHAMPLAIN,NY,10971.0
2638,2012-09-01,PHOENIX,AZ,5857.0
2639,2012-09-01,PORTLAND,OR,6119.0
2640,2012-10-01,NEW YORK,NY,443093.0
2641,2012-10-01,MIAMI,FL,356786.0
2642,2012-10-01,LOS ANGELES,CA,245220.0
2643,2012-10-01,SAN FRANCISCO,CA,131309.0
2644,2012-10-01,HONOLULU,HI,171241.0
2645,2012-10-01,NEWARK,NJ,146948.0
2646,2012-10-01,ORLANDO,FL,95992.0
2647,2012-10-01,CHICAGO,IL,121130.0
2648,2012-10-01,AGANA,GU,93778.0
2649,2012-10-01,FT. LAUDERDALE,FL,32234.0
2650,2012-10-01,ATLANTA,GA,92748.0
2651,2012-10-01,WASHINGTON,DC,85484.0
2652,2012-10-01,BOSTON,MA,58007.0
2653,2012-10-01,HOUSTON,TX,63358.0
2654,2012-10-01,DALLAS,TX,47694.0
2655,2012-10-01,SEATTLE,WA,26866.0
2656,2012-10-01,LAS VEGAS,NV,39645.0
2657,2012-10-01,DETROIT,MI,28729.0
2658,2012-10-01,PHILADELPHIA,PA,39285.0
2659,2012-10-01,BLAINE,WA,34634.0
2660,2012-10-01,MINN./ST. PAUL,MN,12388.0
2661,2012-10-01,TAMPA,FL,8693.0
2662,2012-10-01,SAN DIEGO,CA,4355.0
2663,2012-10-01,NIAGARA FALLS,NY,28593.0
2664,2012-10-01,SANFORD,FL,22629.0
2665,2012-10-01,PEACE BRIDGE,NY,9593.0
2666,2012-10-01,SAN JUAN,PR,11312.0
2667,2012-10-01,CHAMPLAIN,NY,11537.0
2668,2012-10-01,PHOENIX,AZ,5531.0
2669,2012-10-01,PORTLAND,OR,3891.0
2670,2012-11-01,NEW YORK,NY,366080.0
2671,2012-11-01,MIAMI,FL,375800.0
2672,2012-11-01,LOS ANGELES,CA,199224.0
2673,2012-11-01,SAN FRANCISCO,CA,95969.0
2674,2012-11-01,HONOLULU,HI,162129.0
2675,2012-11-01,NEWARK,NJ,100581.0
2676,2012-11-01,ORLANDO,FL,80011.0
2677,2012-11-01,CHICAGO,IL,89596.0
2678,2012-11-01,AGANA,GU,99560.0
2679,2012-11-01,FT. LAUDERDALE,FL,41902.0
2680,2012-11-01,ATLANTA,GA,68684.0
2681,2012-11-01,WASHINGTON,DC,61974.0
2682,2012-11-01,BOSTON,MA,39538.0
2683,2012-11-01,HOUSTON,TX,55941.0
2684,2012-11-01,DALLAS,TX,37375.0
2685,2012-11-01,SEATTLE,WA,17728.0
2686,2012-11-01,LAS VEGAS,NV,30414.0
2687,2012-11-01,DETROIT,MI,20409.0
2688,2012-11-01,PHILADELPHIA,PA,27473.0
2689,2012-11-01,BLAINE,WA,33333.0
2690,2012-11-01,MINN./ST. PAUL,MN,8445.0
2691,2012-11-01,TAMPA,FL,6344.0
2692,2012-11-01,SAN DIEGO,CA,3542.0
2693,2012-11-01,NIAGARA FALLS,NY,11339.0
2694,2012-11-01,SANFORD,FL,5635.0
2695,2012-11-01,PEACE BRIDGE,NY,5956.0
2696,2012-11-01,SAN JUAN,PR,12975.0
2697,2012-11-01,CHAMPLAIN,NY,6596.0
2698,2012-11-01,PHOENIX,AZ,4538.0
2699,2012-11-01,PORTLAND,OR,2563.0
2700,2012-12-01,NEW YORK,NY,449223.0
2701,2012-12-01,MIAMI,FL,443925.0
2702,2012-12-01,LOS ANGELES,CA,247492.0
2703,2012-12-01,SAN FRANCISCO,CA,108838.0
2704,2012-12-01,HONOLULU,HI,175359.0
2705,2012-12-01,NEWARK,NJ,125550.0
2706,2012-12-01,ORLANDO,FL,94404.0
2707,2012-12-01,CHICAGO,IL,86590.0
2708,2012-12-01,AGANA,GU,109151.0
2709,2012-12-01,FT. LAUDERDALE,FL,53998.0
2710,2012-12-01,ATLANTA,GA,88552.0
2711,2012-12-01,WASHINGTON,DC,73861.0
2712,2012-12-01,BOSTON,MA,35671.0
2713,2012-12-01,HOUSTON,TX,64618.0
2714,2012-12-01,DALLAS,TX,43615.0
2715,2012-12-01,SEATTLE,WA,23861.0
2716,2012-12-01,LAS VEGAS,NV,25900.0
2717,2012-12-01,DETROIT,MI,23351.0
2718,2012-12-01,PHILADELPHIA,PA,33769.0
2719,2012-12-01,BLAINE,WA,41798.0
2720,2012-12-01,MINN./ST. PAUL,MN,10008.0
2721,2012-12-01,TAMPA,FL,6957.0
2722,2012-12-01,SAN DIEGO,CA,5449.0
2723,2012-12-01,NIAGARA FALLS,NY,14113.0
2724,2012-12-01,SANFORD,FL,5305.0
2725,2012-12-01,PEACE BRIDGE,NY,10025.0
2726,2012-12-01,SAN JUAN,PR,14417.0
2727,2012-12-01,CHAMPLAIN,NY,11117.0
2728,2012-12-01,PHOENIX,AZ,5263.0
2729,2012-12-01,PORTLAND,OR,2949.0
